<?xml version="1.0" encoding="UTF-8"?><SearchParameter xmlns="http://hl7.org/fhir"><id value="person-birthdate"/><url value="http://fhir.openmrs.org/fhir/SearchParameter/person-birthdate"/><version value="0.1.0"/><name value="personBirthdateSearchParameter"/><status value="active"/><date value="2022-10-12T01:19:25+00:00"/><contact><name value="OpenMRS, Inc."/><telecom><system value="url"/><value value="https://openmrs.org"/></telecom></contact><description value="Searches based on the person's birthdate eg) /ws/fhir2/{release}/Person?birthdate={date}"/><code value="birthdate"/><base value="Person"/><type value="date"/><target value="OMRSPerson"/></SearchParameter>