<?xml version="1.0" encoding="UTF-8"?><SearchParameter xmlns="http://hl7.org/fhir"><id value="MedicationRequest-subject"/><text><status value="generated"/><div xmlns="http://www.w3.org/1999/xhtml"><p class="res-header-id"><b>Generated Narrative: SearchParameter MedicationRequest-subject</b></p><a name="MedicationRequest-subject"> </a><a name="hcMedicationRequest-subject"> </a><a name="MedicationRequest-subject-en-US"> </a><h2>MedicationRequestSubjectSearchParameter</h2><p>Parameter <code>subject</code>:<code>reference</code></p><div><p>Searches for MedicationRequest by a given subject eg) /ws/fhir2/{release}/MedicationRequest?subject:Patient={patientUuid}</p>
</div><table class="grid"><tr><td>Resource</td><td><a href="http://hl7.org/fhir/R4/medicationrequest.html">MedicationRequest</a></td></tr><tr><td>Expression</td><td>(none)</td></tr><tr><td>Target Resources</td><td><a href="http://hl7.org/fhir/R4/medicationrequest.html">MedicationRequest</a></td></tr><tr><td>Multiples</td><td><ul><li>multipleAnd: It's up to the server whether the parameter may repeat in order to specify multiple values that must all be true</li><li>multipleOr: It's up to the server whether the parameter can have multiple values (separated by comma) where at least one must be true</li></ul></td></tr></table></div></text><url value="http://fhir.openmrs.org/core/SearchParameter/MedicationRequest-subject"/><version value="0.1.0"/><name value="MedicationRequestSubjectSearchParameter"/><status value="active"/><date value="2024-12-11T17:14:00+00:00"/><contact><name value="OpenMRS, Inc."/><telecom><system value="url"/><value value="https://openmrs.org"/></telecom></contact><description value="Searches for MedicationRequest by a given subject eg) /ws/fhir2/{release}/MedicationRequest?subject:Patient={patientUuid}"/><code value="subject"/><base value="MedicationRequest"/><type value="reference"/><target value="MedicationRequest"/></SearchParameter>