<?xml version="1.0" encoding="UTF-8"?><SearchParameter xmlns="http://hl7.org/fhir"><id value="relatedperson-family"/><text><status value="generated"/><div xmlns="http://www.w3.org/1999/xhtml"><p class="res-header-id"><b>Generated Narrative: SearchParameter relatedperson-family</b></p><a name="relatedperson-family"> </a><a name="hcrelatedperson-family"> </a><a name="relatedperson-family-en-US"> </a><h2>RelatedPersonFamilySearchParameter</h2><p>Parameter <code>family</code>:<code>string</code></p><div><p>A portion of the family name of the related person</p>
</div><table class="grid"><tr><td>Resource</td><td><a href="http://hl7.org/fhir/R4/relatedperson.html">RelatedPerson</a></td></tr><tr><td>Expression</td><td>(none)</td></tr><tr><td>Target Resources</td><td><a href="http://hl7.org/fhir/R4/relatedperson.html">RelatedPerson</a></td></tr><tr><td>Multiples</td><td><ul><li>multipleAnd: It's up to the server whether the parameter may repeat in order to specify multiple values that must all be true</li><li>multipleOr: It's up to the server whether the parameter can have multiple values (separated by comma) where at least one must be true</li></ul></td></tr></table></div></text><url value="http://fhir.openmrs.org/core/SearchParameter/relatedperson-family"/><version value="0.1.0"/><name value="RelatedPersonFamilySearchParameter"/><status value="active"/><date value="2024-12-11T17:18:42+00:00"/><contact><name value="OpenMRS, Inc."/><telecom><system value="url"/><value value="https://openmrs.org"/></telecom></contact><description value="A portion of the family name of the related person"/><code value="family"/><base value="RelatedPerson"/><type value="string"/><target value="RelatedPerson"/></SearchParameter>