<?xml version="1.0" encoding="UTF-8"?><SearchParameter xmlns="http://hl7.org/fhir"><id value="MedicationRequest-requestor-identifier"/><url value="http://fhir.openmrs.org/fhir/SearchParameter/MedicationRequest-requestor-identifier"/><version value="0.1.0"/><name value="MedicationRequestRequestorIdentifierSearchParameter"/><status value="active"/><date value="2022-10-12T01:19:25+00:00"/><contact><name value="OpenMRS, Inc."/><telecom><system value="url"/><value value="https://openmrs.org"/></telecom></contact><description value="Searches for MedicationRequest by a given Practitioner eg) /ws/fhir2/{release}/MedicationRequest?requestor.identifier={identifier}"/><code value="requestor.identifier"/><base value="MedicationRequest"/><type value="token"/><target value="OMRSMedicationRequest"/></SearchParameter>