<?xml version="1.0" encoding="UTF-8"?><SearchParameter xmlns="http://hl7.org/fhir"><id value="serviceRequest-subject"/><url value="http://fhir.openmrs.org/fhir/SearchParameter/serviceRequest-subject"/><version value="0.1.0"/><name value="serviceRequestSubjectSearchParameter"/><status value="active"/><date value="2022-10-12T01:19:25+00:00"/><contact><name value="OpenMRS, Inc."/><telecom><system value="url"/><value value="https://openmrs.org"/></telecom></contact><description value="Searches for serviceRequest by a given subject eg) /ws/fhir2/{release}/ServiceRequest?subject:Patient={patientUuid}"/><code value="subject"/><base value="ServiceRequest"/><type value="reference"/><target value="OpenMRSServiceRequest"/></SearchParameter>