<?xml version="1.0" encoding="UTF-8"?><SearchParameter xmlns="http://hl7.org/fhir"><id value="Encounter-subject-identifier"/><url value="http://fhir.openmrs.org/fhir/SearchParameter/Encounter-subject-identifier"/><version value="0.1.0"/><name value="EncounterSubjectIdentifierSearchParameter"/><status value="active"/><date value="2022-10-12T01:19:25+00:00"/><contact><name value="OpenMRS, Inc."/><telecom><system value="url"/><value value="https://openmrs.org"/></telecom></contact><description value="Searches for Encounter by the patient identifier eg) /ws/fhir2/{release}/Encounter?subject:Patient.identifier={identifier}"/><code value="subject.identifier"/><base value="Encounter"/><type value="token"/><target value="OMRSEncounter"/></SearchParameter>