<?xml version="1.0" encoding="UTF-8"?><SearchParameter xmlns="http://hl7.org/fhir"><id value="patient-birthdate"/><text><status value="generated"/><div xmlns="http://www.w3.org/1999/xhtml"><h2>patientBirthdateSearchParameter</h2><p>Parameter <code>birthdate</code>:<code>date</code></p><div><p>Searches based on the patient's birthdate eg) /ws/fhir2/{release}/Patient?birthdate={date}</p>
</div><table class="grid"><tr><td>Resource</td><td><a href="http://hl7.org/fhir/R4/patient.html">Patient</a></td></tr><tr><td>Expression</td><td>(none)</td></tr><tr><td>Target Resources</td><td><a href="http://hl7.org/fhir/R4/patient.html">Patient</a></td></tr><tr><td>Multiples</td><td>The parameter cannot repeat or have multiple values</td></tr></table></div></text><url value="http://fhir.openmrs.org/fhir/SearchParameter/patient-birthdate"/><version value="0.1.0"/><name value="patientBirthdateSearchParameter"/><status value="active"/><date value="2023-03-16T10:02:34+00:00"/><contact><name value="OpenMRS, Inc."/><telecom><system value="url"/><value value="https://openmrs.org"/></telecom></contact><description value="Searches based on the patient's birthdate eg) /ws/fhir2/{release}/Patient?birthdate={date}"/><code value="birthdate"/><base value="Patient"/><type value="date"/><target value="Patient"/></SearchParameter>