<?xml version="1.0" encoding="UTF-8"?><SearchParameter xmlns="http://hl7.org/fhir"><id value="Encounter-type"/><text><status value="generated"/><div xmlns="http://www.w3.org/1999/xhtml"><p class="res-header-id"><b>Generated Narrative: SearchParameter Encounter-type</b></p><a name="Encounter-type"> </a><a name="hcEncounter-type"> </a><a name="Encounter-type-en-US"> </a><h2>EncounterTypeSearchParameter</h2><p>Parameter <code>encounter.type</code>:<code>token</code></p><div><p>Searches for Encounter based on encounter type field eg) /ws/fhir2/{release}/Encounter?type={encounterType}</p>
</div><table class="grid"><tr><td>Resource</td><td><a href="http://hl7.org/fhir/R4/encounter.html">Encounter</a></td></tr><tr><td>Expression</td><td>(none)</td></tr><tr><td>Target Resources</td><td><a href="http://hl7.org/fhir/R4/encounter.html">Encounter</a></td></tr><tr><td>Multiples</td><td><ul><li>multipleAnd: It's up to the server whether the parameter may repeat in order to specify multiple values that must all be true</li><li>multipleOr: It's up to the server whether the parameter can have multiple values (separated by comma) where at least one must be true</li></ul></td></tr></table></div></text><url value="http://fhir.openmrs.org/core/SearchParameter/Encounter-type"/><version value="0.1.0"/><name value="EncounterTypeSearchParameter"/><status value="active"/><date value="2024-12-11T17:18:42+00:00"/><contact><name value="OpenMRS, Inc."/><telecom><system value="url"/><value value="https://openmrs.org"/></telecom></contact><description value="Searches for Encounter based on encounter type field eg) /ws/fhir2/{release}/Encounter?type={encounterType}"/><code value="encounter.type"/><base value="Encounter"/><type value="token"/><target value="Encounter"/></SearchParameter>