<?xml version="1.0" encoding="UTF-8"?><SearchParameter xmlns="http://hl7.org/fhir"><id value="serviceRequest-patient-identifier"/><url value="http://fhir.openmrs.org/fhir/SearchParameter/serviceRequest-patient-identifier"/><version value="0.1.0"/><name value="serviceRequestPatientIdentifierSearchParameter"/><status value="active"/><date value="2022-10-12T01:19:25+00:00"/><contact><name value="OpenMRS, Inc."/><telecom><system value="url"/><value value="https://openmrs.org"/></telecom></contact><description value="Searches for ServiceRequest by the patient identifier eg) /ws/fhir2/{release}/ServiceRequest?patient.identifier={identifier}"/><code value="patient.identifier"/><base value="ServiceRequest"/><type value="token"/><target value="OpenMRSServiceRequest"/></SearchParameter>