<?xml version="1.0" encoding="UTF-8"?><SearchParameter xmlns="http://hl7.org/fhir"><id value="Encounter-patient.given"/><url value="http://fhir.openmrs.org/fhir/SearchParameter/Encounter-patient.given"/><version value="0.1.0"/><name value="EncounterPatientGivenNameSearchParameter"/><status value="active"/><date value="2022-10-12T01:19:25+00:00"/><contact><name value="OpenMRS, Inc."/><telecom><system value="url"/><value value="https://openmrs.org"/></telecom></contact><description value="Searches for Encounters based on the patient's given name(s) eg) /ws/fhir2/{release}/Encounter?patient.given={givenName}"/><code value="patient.given"/><base value="Encounter"/><type value="string"/><target value="OMRSEncounter"/></SearchParameter>