<?xml version="1.0" encoding="UTF-8"?><SearchParameter xmlns="http://hl7.org/fhir"><id value="Task-basedOn"/><text><status value="generated"/><div xmlns="http://www.w3.org/1999/xhtml"><p class="res-header-id"><b>Generated Narrative: SearchParameter Task-basedOn</b></p><a name="Task-basedOn"> </a><a name="hcTask-basedOn"> </a><a name="Task-basedOn-en-US"> </a><h2>TaskBasedOnSearchParameter</h2><p>Parameter <code>Task.based-on</code>:<code>reference</code></p><div><p>Searches for FhirTask based on the ServiceRequest Reference eg) /ws/fhir2/{release}/Task?based-on={ServiceRequestUuid}</p>
</div><table class="grid"><tr><td>Resource</td><td><a href="http://hl7.org/fhir/R4/task.html">Task</a></td></tr><tr><td>Expression</td><td>(none)</td></tr><tr><td>Target Resources</td><td><a href="http://hl7.org/fhir/R4/task.html">Task</a></td></tr><tr><td>Multiples</td><td><ul><li>multipleAnd: It's up to the server whether the parameter may repeat in order to specify multiple values that must all be true</li><li>multipleOr: It's up to the server whether the parameter can have multiple values (separated by comma) where at least one must be true</li></ul></td></tr></table></div></text><url value="http://fhir.openmrs.org/core/SearchParameter/Task-basedOn"/><version value="0.1.0"/><name value="TaskBasedOnSearchParameter"/><status value="active"/><date value="2024-12-11T17:14:00+00:00"/><contact><name value="OpenMRS, Inc."/><telecom><system value="url"/><value value="https://openmrs.org"/></telecom></contact><description value="Searches for FhirTask based on the ServiceRequest Reference eg) /ws/fhir2/{release}/Task?based-on={ServiceRequestUuid}"/><code value="Task.based-on"/><base value="Task"/><type value="reference"/><target value="Task"/></SearchParameter>