<?xml version="1.0" encoding="UTF-8"?><SearchParameter xmlns="http://hl7.org/fhir"><id value="observation-value-date"/><text><status value="generated"/><div xmlns="http://www.w3.org/1999/xhtml"><p class="res-header-id"><b>Generated Narrative: SearchParameter observation-value-date</b></p><a name="observation-value-date"> </a><a name="hcobservation-value-date"> </a><a name="observation-value-date-en-US"> </a><h2>ObservationValueConceptSearchParameter</h2><p>Parameter <code>value-date</code>:<code>date</code></p><div><p>Searches for an observation whose value is a date by the specified date range. eg) /ws/fhir2/{release}/Observation?value-date={date}</p>
</div><table class="grid"><tr><td>Resource</td><td><a href="http://hl7.org/fhir/R4/observation.html">Observation</a></td></tr><tr><td>Expression</td><td>(none)</td></tr><tr><td>Target Resources</td><td><a href="http://hl7.org/fhir/R4/observation.html">Observation</a></td></tr><tr><td>Multiples</td><td><ul><li>multipleAnd: It's up to the server whether the parameter may repeat in order to specify multiple values that must all be true</li><li>multipleOr: It's up to the server whether the parameter can have multiple values (separated by comma) where at least one must be true</li></ul></td></tr></table></div></text><url value="http://fhir.openmrs.org/core/SearchParameter/observation-value-date"/><version value="0.1.0"/><name value="ObservationValueConceptSearchParameter"/><status value="active"/><date value="2024-12-11T17:18:42+00:00"/><contact><name value="OpenMRS, Inc."/><telecom><system value="url"/><value value="https://openmrs.org"/></telecom></contact><description value="Searches for an observation whose value is a date by the specified date range. eg) /ws/fhir2/{release}/Observation?value-date={date}"/><code value="value-date"/><base value="Observation"/><type value="date"/><target value="Observation"/></SearchParameter>