<?xml version="1.0" encoding="UTF-8"?><SearchParameter xmlns="http://hl7.org/fhir"><id value="relatedperson-address"/><text><status value="generated"/><div xmlns="http://www.w3.org/1999/xhtml"><p class="res-header-id"><b>Generated Narrative: SearchParameter relatedperson-address</b></p><a name="relatedperson-address"> </a><a name="hcrelatedperson-address"> </a><a name="relatedperson-address-en-US"> </a><h2>RelatedPersonAddressSearchParameter</h2><p>Parameter <code>address</code>:<code>string</code></p><div><p>A server defined search that may match any of the string fields in the Address, including line, city, district, state, country, postalCode, and/or text</p>
</div><table class="grid"><tr><td>Resource</td><td><a href="http://hl7.org/fhir/R4/relatedperson.html">RelatedPerson</a></td></tr><tr><td>Expression</td><td>(none)</td></tr><tr><td>Target Resources</td><td><a href="http://hl7.org/fhir/R4/relatedperson.html">RelatedPerson</a></td></tr><tr><td>Multiples</td><td><ul><li>multipleAnd: It's up to the server whether the parameter may repeat in order to specify multiple values that must all be true</li><li>multipleOr: It's up to the server whether the parameter can have multiple values (separated by comma) where at least one must be true</li></ul></td></tr></table></div></text><url value="http://fhir.openmrs.org/core/SearchParameter/relatedperson-address"/><version value="0.1.0"/><name value="RelatedPersonAddressSearchParameter"/><status value="active"/><date value="2024-12-11T17:14:00+00:00"/><contact><name value="OpenMRS, Inc."/><telecom><system value="url"/><value value="https://openmrs.org"/></telecom></contact><description value="A server defined search that may match any of the string fields in the Address, including line, city, district, state, country, postalCode, and/or text"/><code value="address"/><base value="RelatedPerson"/><type value="string"/><target value="RelatedPerson"/></SearchParameter>