<?xml version="1.0" encoding="UTF-8"?><SearchParameter xmlns="http://hl7.org/fhir"><id value="MedicationRequest-requestor.name"/><text><status value="generated"/><div xmlns="http://www.w3.org/1999/xhtml"><p class="res-header-id"><b>Generated Narrative: SearchParameter MedicationRequest-requestor.name</b></p><a name="MedicationRequest-requestor.name"> </a><a name="hcMedicationRequest-requestor.name"> </a><a name="MedicationRequest-requestor.name-en-US"> </a><h2>MedicationRequestRequestorNameSearchParameter</h2><p>Parameter <code>requestor.name</code>:<code>string</code></p><div><p>Searches for MedicationRequest based on the Practitioner's full or partial name eg) /ws/fhir2/{release}/MedicationRequest?requestor.name={name}</p>
</div><table class="grid"><tr><td>Resource</td><td><a href="http://hl7.org/fhir/R4/medicationrequest.html">MedicationRequest</a></td></tr><tr><td>Expression</td><td>(none)</td></tr><tr><td>Target Resources</td><td><a href="http://hl7.org/fhir/R4/medicationrequest.html">MedicationRequest</a></td></tr><tr><td>Multiples</td><td><ul><li>multipleAnd: It's up to the server whether the parameter may repeat in order to specify multiple values that must all be true</li><li>multipleOr: It's up to the server whether the parameter can have multiple values (separated by comma) where at least one must be true</li></ul></td></tr></table></div></text><url value="http://fhir.openmrs.org/core/SearchParameter/MedicationRequest-requestor.name"/><version value="0.1.0"/><name value="MedicationRequestRequestorNameSearchParameter"/><status value="active"/><date value="2024-12-11T17:18:42+00:00"/><contact><name value="OpenMRS, Inc."/><telecom><system value="url"/><value value="https://openmrs.org"/></telecom></contact><description value="Searches for MedicationRequest based on the Practitioner's full or partial name eg) /ws/fhir2/{release}/MedicationRequest?requestor.name={name}"/><code value="requestor.name"/><base value="MedicationRequest"/><type value="string"/><target value="MedicationRequest"/></SearchParameter>