<?xml version="1.0" encoding="UTF-8"?><SearchParameter xmlns="http://hl7.org/fhir"><id value="condition-requester"/><url value="http://fhir.openmrs.org/fhir/SearchParameter/condition-requester"/><version value="0.1.0"/><name value="conditionSearchParameter"/><status value="active"/><date value="2022-10-12T01:19:25+00:00"/><contact><name value="OpenMRS, Inc."/><telecom><system value="url"/><value value="https://openmrs.org"/></telecom></contact><description value="Searches for condition by Practitioner uuid who requested the service eg) /ws/fhir2/{release}/Condition?requester:Practitioner={uuid}"/><code value="requester"/><base value="Condition"/><type value="reference"/><target value="OMRSCondition"/></SearchParameter>