<?xml version="1.0" encoding="UTF-8"?><SearchParameter xmlns="http://hl7.org/fhir"><id value="Encounter-subject-family"/><text><status value="generated"/><div xmlns="http://www.w3.org/1999/xhtml"><p class="res-header-id"><b>Generated Narrative: SearchParameter Encounter-subject-family</b></p><a name="Encounter-subject-family"> </a><a name="hcEncounter-subject-family"> </a><a name="Encounter-subject-family-en-US"> </a><h2>EncounterSubjectfamilySearchParameter</h2><p>Parameter <code>subject.family</code>:<code>string</code></p><div><pre><code>Searches for Encounter based on the patient's family name eg) /ws/fhir2/{release}/Encounter?subject:Patient.family={familyName}
</code></pre>
</div><table class="grid"><tr><td>Resource</td><td><a href="http://hl7.org/fhir/R4/encounter.html">Encounter</a></td></tr><tr><td>Expression</td><td>(none)</td></tr><tr><td>Target Resources</td><td><a href="http://hl7.org/fhir/R4/encounter.html">Encounter</a></td></tr><tr><td>Multiples</td><td><ul><li>multipleAnd: It's up to the server whether the parameter may repeat in order to specify multiple values that must all be true</li><li>multipleOr: It's up to the server whether the parameter can have multiple values (separated by comma) where at least one must be true</li></ul></td></tr></table></div></text><url value="http://fhir.openmrs.org/core/SearchParameter/Encounter-subject-family"/><version value="0.1.0"/><name value="EncounterSubjectfamilySearchParameter"/><status value="active"/><date value="2024-12-11T17:14:00+00:00"/><contact><name value="OpenMRS, Inc."/><telecom><system value="url"/><value value="https://openmrs.org"/></telecom></contact><description value="&#x9;Searches for Encounter based on the patient's family name eg) /ws/fhir2/{release}/Encounter?subject:Patient.family={familyName}"/><code value="subject.family"/><base value="Encounter"/><type value="string"/><target value="Encounter"/></SearchParameter>