<?xml version="1.0" encoding="UTF-8"?><SearchParameter xmlns="http://hl7.org/fhir"><id value="patient-id"/><url value="http://fhir.openmrs.org/fhir/SearchParameter/patient-id"/><version value="0.1.0"/><name value="patientIdSearchParameter"/><status value="active"/><date value="2022-10-12T01:19:25+00:00"/><contact><name value="OpenMRS, Inc."/><telecom><system value="url"/><value value="https://openmrs.org"/></telecom></contact><description value="Searches based on the exact UUID of the patient record eg} /ws/fhir2/{release}/Patient?_id={uuid}"/><code value="_id"/><base value="Patient"/><type value="token"/><target value="OMRSPatient"/></SearchParameter>