<?xml version="1.0" encoding="UTF-8"?><SearchParameter xmlns="http://hl7.org/fhir"><id value="location-lastUpdated"/><url value="http://fhir.openmrs.org/fhir/SearchParameter/location-lastUpdated"/><version value="0.1.0"/><name value="LocationLastUpdatedSearchParameter"/><status value="active"/><date value="2022-10-12T01:19:25+00:00"/><contact><name value="OpenMRS, Inc."/><telecom><system value="url"/><value value="https://openmrs.org"/></telecom></contact><description value="Searches based on the location lastUpdated field for the location record eg) /ws/fhir2/{release}/Location?_lastUpdated={date}"/><code value="_lastUpdated"/><base value="Location"/><type value="date"/><target value="OMRSLocation"/></SearchParameter>