<?xml version="1.0" encoding="UTF-8"?><SearchParameter xmlns="http://hl7.org/fhir"><id value="Condition-requester-given"/><url value="http://fhir.openmrs.org/fhir/SearchParameter/Condition-requester-given"/><version value="0.1.0"/><name value="conditionRequesterGivenSearchParameter"/><status value="active"/><date value="2022-10-12T01:19:25+00:00"/><contact><name value="OpenMRS, Inc."/><telecom><system value="url"/><value value="https://openmrs.org"/></telecom></contact><description value="Searches for condition based on the Practitioner's given name(s) eg) /ws/fhir2/{release}/Condition?requester:Practitioner.given={givenName}"/><code value="requester.given"/><base value="Condition"/><type value="string"/><target value="OMRSCondition"/></SearchParameter>