<?xml version="1.0" encoding="UTF-8"?><SearchParameter xmlns="http://hl7.org/fhir"><id value="patient-address-state"/><url value="http://fhir.openmrs.org/fhir/SearchParameter/patient-address-state"/><version value="0.1.0"/><name value="patientStateSearchParameter"/><status value="active"/><date value="2022-10-12T01:19:25+00:00"/><contact><name value="OpenMRS, Inc."/><telecom><system value="url"/><value value="https://openmrs.org"/></telecom></contact><description value="Searches based on the patient's recorded state/province of addresseg) /ws/fhir2/{release}/Patient?address-state={state}"/><code value="address-state"/><base value="Patient"/><type value="string"/><target value="OMRSPatient"/></SearchParameter>