<?xml version="1.0" encoding="UTF-8"?><SearchParameter xmlns="http://hl7.org/fhir"><id value="Practitioner-identifier"/><url value="http://fhir.openmrs.org/fhir/SearchParameter/Practitioner-identifier"/><version value="0.1.0"/><name value="PractitionerIdentifierSearchParameter"/><status value="active"/><date value="2022-10-12T01:19:25+00:00"/><contact><name value="OpenMRS, Inc."/><telecom><system value="url"/><value value="https://openmrs.org"/></telecom></contact><description value="Searches for Practitioner by a given Practitioner eg) /ws/fhir2/{release}/Practitioner?identifier={identifier}"/><code value="practitioner.identifier"/><base value="Practitioner"/><type value="token"/><target value="OMRSPractitioner"/></SearchParameter>