<?xml version="1.0" encoding="UTF-8"?><SearchParameter xmlns="http://hl7.org/fhir"><id value="patient-name"/><url value="http://fhir.openmrs.org/fhir/SearchParameter/patient-name"/><version value="0.1.0"/><name value="PatientNameSearchParameter"/><status value="active"/><date value="2022-10-12T01:19:25+00:00"/><contact><name value="OpenMRS, Inc."/><telecom><system value="url"/><value value="https://openmrs.org"/></telecom></contact><description value="Searches for patient based on patient's full or partial name eg) /ws/fhir2/{release}/Patient?name={name}"/><code value="name"/><base value="Patient"/><type value="string"/><target value="OMRSPatient"/></SearchParameter>