<?xml version="1.0" encoding="UTF-8"?><SearchParameter xmlns="http://hl7.org/fhir"><id value="condition-code"/><url value="http://fhir.openmrs.org/fhir/SearchParameter/condition-code"/><version value="0.1.0"/><name value="conditionCodeSearchParameter"/><status value="active"/><date value="2022-10-12T01:19:25+00:00"/><contact><name value="OpenMRS, Inc."/><telecom><system value="url"/><value value="https://openmrs.org"/></telecom></contact><description value="Searches for condition based on the condition concept code eg) /ws/fhir2/{release}/Condition?code={code}"/><code value="code"/><base value="Condition"/><type value="token"/><target value="OMRSCondition"/></SearchParameter>