<?xml version="1.0" encoding="UTF-8"?><SearchParameter xmlns="http://hl7.org/fhir"><id value="condition-clinical-status"/><text><status value="generated"/><div xmlns="http://www.w3.org/1999/xhtml"><p class="res-header-id"><b>Generated Narrative: SearchParameter condition-clinical-status</b></p><a name="condition-clinical-status"> </a><a name="hccondition-clinical-status"> </a><a name="condition-clinical-status-en-US"> </a><h2>ConditionClinicalStatusSearchParameter</h2><p>Parameter <code>clinical-status</code>:<code>token</code></p><div><p>Searches for condition based on the condition clinical status concept eg) /ws/fhir2/{release}/Condition?clinical-status={codeable concept}</p>
</div><table class="grid"><tr><td>Resource</td><td><a href="http://hl7.org/fhir/R4/condition.html">Condition</a></td></tr><tr><td>Expression</td><td>(none)</td></tr><tr><td>Target Resources</td><td><a href="http://hl7.org/fhir/R4/condition.html">Condition</a></td></tr><tr><td>Multiples</td><td><ul><li>multipleAnd: It's up to the server whether the parameter may repeat in order to specify multiple values that must all be true</li><li>multipleOr: It's up to the server whether the parameter can have multiple values (separated by comma) where at least one must be true</li></ul></td></tr></table></div></text><url value="http://fhir.openmrs.org/core/SearchParameter/condition-clinical-status"/><version value="0.1.0"/><name value="ConditionClinicalStatusSearchParameter"/><status value="active"/><date value="2024-12-11T17:14:00+00:00"/><contact><name value="OpenMRS, Inc."/><telecom><system value="url"/><value value="https://openmrs.org"/></telecom></contact><description value="Searches for condition based on the condition clinical status concept eg) /ws/fhir2/{release}/Condition?clinical-status={codeable concept}"/><code value="clinical-status"/><base value="Condition"/><type value="token"/><target value="Condition"/></SearchParameter>