<?xml version="1.0" encoding="UTF-8"?><SearchParameter xmlns="http://hl7.org/fhir"><id value="condition-subject-name"/><url value="http://fhir.openmrs.org/fhir/SearchParameter/condition-subject-name"/><version value="0.1.0"/><name value="conditionSubjectNameSearchParameter"/><status value="active"/><date value="2022-10-12T01:19:25+00:00"/><contact><name value="OpenMRS, Inc."/><telecom><system value="url"/><value value="https://openmrs.org"/></telecom></contact><description value="Searches for condition based on the patient's full or partial name eg) /ws/fhir2/{release}/Condition?subject:Patient.name={name}"/><code value="subject.name"/><base value="Condition"/><type value="string"/><target value="OMRSCondition"/></SearchParameter>