<?xml version="1.0" encoding="UTF-8"?><SearchParameter xmlns="http://hl7.org/fhir"><id value="patient-address-city"/><url value="http://fhir.openmrs.org/fhir/SearchParameter/patient-address-city"/><version value="0.1.0"/><name value="patientCitySearchParameter"/><status value="active"/><date value="2022-10-12T01:19:25+00:00"/><contact><name value="OpenMRS, Inc."/><telecom><system value="url"/><value value="https://openmrs.org"/></telecom></contact><description value="Searches based on the patient's recorded city/village of address eg) /ws/fhir2/{release}/Patient?address-city={city}"/><code value="address-city"/><base value="Patient"/><type value="string"/><target value="OMRSPatient"/></SearchParameter>