<?xml version="1.0" encoding="UTF-8"?><SearchParameter xmlns="http://hl7.org/fhir"><id value="person-address-state"/><url value="http://fhir.openmrs.org/fhir/SearchParameter/person-address-state"/><version value="0.1.0"/><name value="personStateSearchParameter"/><status value="active"/><date value="2022-10-12T01:19:25+00:00"/><contact><name value="OpenMRS, Inc."/><telecom><system value="url"/><value value="https://openmrs.org"/></telecom></contact><description value="Searches based on the person's recorded state/province of address eg) /ws/fhir2/{release}/Person?address-state={state}"/><code value="address-state"/><base value="Person"/><type value="string"/><target value="OMRSPerson"/></SearchParameter>