<?xml version="1.0" encoding="UTF-8"?><SearchParameter xmlns="http://hl7.org/fhir"><id value="MedicationRequest-id"/><text><status value="generated"/><div xmlns="http://www.w3.org/1999/xhtml"><p class="res-header-id"><b>Generated Narrative: SearchParameter MedicationRequest-id</b></p><a name="MedicationRequest-id"> </a><a name="hcMedicationRequest-id"> </a><a name="MedicationRequest-id-en-US"> </a><h2>MedicationRequestUuidSearchParameter</h2><p>Parameter <code>_id</code>:<code>token</code></p><div><p>Searches based on the MedicationRequest uuid field for the MedicationRequest record eg) /ws/fhir2/{release}}/MedicationRequest?_id={uuid}</p>
</div><table class="grid"><tr><td>Resource</td><td><a href="http://hl7.org/fhir/R4/medicationrequest.html">MedicationRequest</a></td></tr><tr><td>Expression</td><td>(none)</td></tr><tr><td>Target Resources</td><td><a href="http://hl7.org/fhir/R4/medicationrequest.html">MedicationRequest</a></td></tr><tr><td>Multiples</td><td><ul><li>multipleAnd: It's up to the server whether the parameter may repeat in order to specify multiple values that must all be true</li><li>multipleOr: It's up to the server whether the parameter can have multiple values (separated by comma) where at least one must be true</li></ul></td></tr></table></div></text><url value="http://fhir.openmrs.org/core/SearchParameter/MedicationRequest-id"/><version value="0.1.0"/><name value="MedicationRequestUuidSearchParameter"/><status value="active"/><date value="2024-12-11T17:14:00+00:00"/><contact><name value="OpenMRS, Inc."/><telecom><system value="url"/><value value="https://openmrs.org"/></telecom></contact><description value="Searches based on the MedicationRequest uuid field for the MedicationRequest record eg) /ws/fhir2/{release}}/MedicationRequest?_id={uuid}"/><code value="_id"/><base value="MedicationRequest"/><type value="token"/><target value="MedicationRequest"/></SearchParameter>