<?xml version="1.0" encoding="UTF-8"?><SearchParameter xmlns="http://hl7.org/fhir"><id value="observation-lastUpdated"/><text><status value="generated"/><div xmlns="http://www.w3.org/1999/xhtml"><p class="res-header-id"><b>Generated Narrative: SearchParameter observation-lastUpdated</b></p><a name="observation-lastUpdated"> </a><a name="hcobservation-lastUpdated"> </a><a name="observation-lastUpdated-en-US"> </a><h2>ObservationLastUpdatedSearchParameter</h2><p>Parameter <code>_lastUpdated</code>:<code>date</code></p><div><p>Searches based on the the dateCreated field for the observation record eg) /ws/fhir2/{release}/Observation?_lastUpdated={date-range}</p>
</div><table class="grid"><tr><td>Resource</td><td><a href="http://hl7.org/fhir/R4/observation.html">Observation</a></td></tr><tr><td>Expression</td><td>(none)</td></tr><tr><td>Target Resources</td><td><a href="http://hl7.org/fhir/R4/observation.html">Observation</a></td></tr><tr><td>Multiples</td><td><ul><li>multipleAnd: It's up to the server whether the parameter may repeat in order to specify multiple values that must all be true</li><li>multipleOr: It's up to the server whether the parameter can have multiple values (separated by comma) where at least one must be true</li></ul></td></tr></table></div></text><url value="http://fhir.openmrs.org/core/SearchParameter/observation-lastUpdated"/><version value="0.1.0"/><name value="ObservationLastUpdatedSearchParameter"/><status value="active"/><date value="2024-12-11T17:14:00+00:00"/><contact><name value="OpenMRS, Inc."/><telecom><system value="url"/><value value="https://openmrs.org"/></telecom></contact><description value="Searches based on the the dateCreated field for the observation record eg) /ws/fhir2/{release}/Observation?_lastUpdated={date-range}"/><code value="_lastUpdated"/><base value="Observation"/><type value="date"/><target value="Observation"/></SearchParameter>