<?xml version="1.0" encoding="UTF-8"?><SearchParameter xmlns="http://hl7.org/fhir"><id value="Encounter-address-state"/><url value="http://fhir.openmrs.org/fhir/SearchParameter/Encounter-address-state"/><version value="0.1.0"/><name value="EncounterStateSearchParameter"/><status value="active"/><date value="2022-10-12T01:19:25+00:00"/><contact><name value="OpenMRS, Inc."/><telecom><system value="url"/><value value="https://openmrs.org"/></telecom></contact><description value="Searches based on the address-state field for the Encounter record eg) /ws/fhir2/{release}/Encounter?address-state={state}"/><code value="address-state"/><base value="Encounter"/><type value="string"/><target value="OMRSEncounter"/></SearchParameter>