<?xml version="1.0" encoding="UTF-8"?><SearchParameter xmlns="http://hl7.org/fhir"><id value="AllergyIntolerance-severity"/><text><status value="generated"/><div xmlns="http://www.w3.org/1999/xhtml"><h2>AllergyIntoleranceSeveritySearchParameter</h2><p>Parameter <code>severity</code>:<code>token</code></p><div><p>Searches for AllergyIntolerance based on the severity eg) /ws/fhir2/{release}/AllergyIntolerance?category={codeable concept}</p>
</div><table class="grid"><tr><td>Resource</td><td><a href="http://hl7.org/fhir/R4/allergyintolerance.html">AllergyIntolerance</a></td></tr><tr><td>Expression</td><td>(none)</td></tr><tr><td>Target Resources</td><td><a href="http://hl7.org/fhir/R4/allergyintolerance.html">AllergyIntolerance</a></td></tr><tr><td>Multiples</td><td><ul><li>multipleAnd: It's up to the server whether the parameter may repeat in order to specify multiple values that must all be true</li><li>multipleOr: It's up to the server whether the parameter can have multiple values (separated by comma) where at least one must be true</li></ul></td></tr></table></div></text><url value="http://fhir.openmrs.org/core/SearchParameter/AllergyIntolerance-severity"/><version value="0.1.0"/><name value="AllergyIntoleranceSeveritySearchParameter"/><status value="active"/><date value="2023-12-08T16:41:46+00:00"/><contact><name value="OpenMRS, Inc."/><telecom><system value="url"/><value value="https://openmrs.org"/></telecom></contact><description value="Searches for AllergyIntolerance based on the severity eg) /ws/fhir2/{release}/AllergyIntolerance?category={codeable concept}"/><code value="severity"/><base value="AllergyIntolerance"/><type value="token"/><target value="AllergyIntolerance"/></SearchParameter>