<?xml version="1.0" encoding="UTF-8"?><SearchParameter xmlns="http://hl7.org/fhir"><id value="condition-id"/><text><status value="generated"/><div xmlns="http://www.w3.org/1999/xhtml"><p class="res-header-id"><b>Generated Narrative: SearchParameter condition-id</b></p><a name="condition-id"> </a><a name="hccondition-id"> </a><a name="condition-id-en-US"> </a><h2>ConditionIdSearchParameter</h2><p>Parameter <code>_id</code>:<code>token</code></p><div><p>Searches for condition based on service Uuid eg) /ws/fhir2/{release}/Condition?_id={uuid}</p>
</div><table class="grid"><tr><td>Resource</td><td><a href="http://hl7.org/fhir/R4/condition.html">Condition</a></td></tr><tr><td>Expression</td><td>(none)</td></tr><tr><td>Target Resources</td><td><a href="http://hl7.org/fhir/R4/condition.html">Condition</a></td></tr><tr><td>Multiples</td><td><ul><li>multipleAnd: It's up to the server whether the parameter may repeat in order to specify multiple values that must all be true</li><li>multipleOr: It's up to the server whether the parameter can have multiple values (separated by comma) where at least one must be true</li></ul></td></tr></table></div></text><url value="http://fhir.openmrs.org/core/SearchParameter/condition-id"/><version value="0.1.0"/><name value="ConditionIdSearchParameter"/><status value="active"/><date value="2024-12-11T17:14:00+00:00"/><contact><name value="OpenMRS, Inc."/><telecom><system value="url"/><value value="https://openmrs.org"/></telecom></contact><description value="Searches for condition based on service Uuid eg) /ws/fhir2/{release}/Condition?_id={uuid}"/><code value="_id"/><base value="Condition"/><type value="token"/><target value="Condition"/></SearchParameter>