<?xml version="1.0" encoding="UTF-8"?><SearchParameter xmlns="http://hl7.org/fhir"><id value="observation-value-date"/><text><status value="generated"/><div xmlns="http://www.w3.org/1999/xhtml"><h2>observationValueConceptSearchParameter</h2><p>Parameter <code>value-date</code>:<code>date</code></p><div><p>Searches for an observation whose value is a date by the specified date range. eg) /ws/fhir2/{release}/Observation?value-date={date}</p>
</div><table class="grid"><tr><td>Resource</td><td><a href="http://hl7.org/fhir/R4/observation.html">Observation</a></td></tr><tr><td>Expression</td><td>(none)</td></tr><tr><td>Target Resources</td><td><a href="http://hl7.org/fhir/R4/observation.html">Observation</a></td></tr><tr><td>Multiples</td><td>The parameter cannot repeat or have multiple values</td></tr></table></div></text><url value="http://fhir.openmrs.org/fhir/SearchParameter/observation-value-date"/><version value="0.1.0"/><name value="observationValueConceptSearchParameter"/><status value="active"/><date value="2023-03-16T10:02:34+00:00"/><contact><name value="OpenMRS, Inc."/><telecom><system value="url"/><value value="https://openmrs.org"/></telecom></contact><description value="Searches for an observation whose value is a date by the specified date range. eg) /ws/fhir2/{release}/Observation?value-date={date}"/><code value="value-date"/><base value="Observation"/><type value="date"/><target value="Observation"/></SearchParameter>