<?xml version="1.0" encoding="UTF-8"?><SearchParameter xmlns="http://hl7.org/fhir"><id value="Encounter-participant"/><url value="http://fhir.openmrs.org/fhir/SearchParameter/Encounter-participant"/><version value="0.1.0"/><name value="EncounterParticipantSearchParameter"/><status value="active"/><date value="2022-10-12T01:19:25+00:00"/><contact><name value="OpenMRS, Inc."/><telecom><system value="url"/><value value="https://openmrs.org"/></telecom></contact><description value="Searches for Encounters by a given Practitioner Reference uuid eg) /ws/fhir2/{release}/Encounter?participant={PractitionerUuid}"/><code value="participant"/><base value="Encounter"/><type value="reference"/><target value="OMRSEncounter"/></SearchParameter>