<?xml version="1.0" encoding="UTF-8"?><SearchParameter xmlns="http://hl7.org/fhir"><id value="serviceRequest-patient.family"/><url value="http://fhir.openmrs.org/fhir/SearchParameter/serviceRequest-patient.family"/><version value="0.1.0"/><name value="serviceRequestPatientFamilyNameSearchParameter"/><status value="active"/><date value="2022-10-12T01:19:25+00:00"/><contact><name value="OpenMRS, Inc."/><telecom><system value="url"/><value value="https://openmrs.org"/></telecom></contact><description value="Searches for serviceRequest based on the patient's family name eg) /ws/fhir2/{release}/ServiceRequest?patient.family={familyName}"/><code value="patient.family"/><base value="ServiceRequest"/><type value="string"/><target value="OpenMRSServiceRequest"/></SearchParameter>