<?xml version="1.0" encoding="UTF-8"?><SearchParameter xmlns="http://hl7.org/fhir"><id value="MedicationRequest-subject-family"/><text><status value="generated"/><div xmlns="http://www.w3.org/1999/xhtml"><h2>MedicationRequestSubjectfamilySearchParameter</h2><p>Parameter <code>subject.family</code>:<code>string</code></p><div><pre><code>Searches for MedicationRequest based on the patient's family name eg) /ws/fhir2/{release}/MedicationRequest?subject:Patient.family={familyName}
</code></pre>
</div><table class="grid"><tr><td>Resource</td><td><a href="http://hl7.org/fhir/R4/medicationrequest.html">MedicationRequest</a></td></tr><tr><td>Expression</td><td>(none)</td></tr><tr><td>Target Resources</td><td><a href="http://hl7.org/fhir/R4/medicationrequest.html">MedicationRequest</a></td></tr><tr><td>Multiples</td><td><ul><li>multipleAnd: It's up to the server whether the parameter may repeat in order to specify multiple values that must all be true</li><li>multipleOr: It's up to the server whether the parameter can have multiple values (separated by comma) where at least one must be true</li></ul></td></tr></table></div></text><url value="http://fhir.openmrs.org/core/SearchParameter/MedicationRequest-subject-family"/><version value="0.1.0"/><name value="MedicationRequestSubjectfamilySearchParameter"/><status value="active"/><date value="2023-12-08T16:41:46+00:00"/><contact><name value="OpenMRS, Inc."/><telecom><system value="url"/><value value="https://openmrs.org"/></telecom></contact><description value="&#x9;Searches for MedicationRequest based on the patient's family name eg) /ws/fhir2/{release}/MedicationRequest?subject:Patient.family={familyName}"/><code value="subject.family"/><base value="MedicationRequest"/><type value="string"/><target value="MedicationRequest"/></SearchParameter>