<?xml version="1.0" encoding="UTF-8"?><SearchParameter xmlns="http://hl7.org/fhir"><id value="Task-basedOn"/><text><status value="generated"/><div xmlns="http://www.w3.org/1999/xhtml"><h2>TaskBasedOnSearchParameter</h2><p>Parameter <code>Task.based-on</code>:<code>reference</code></p><div><p>Searches for FhirTask based on the ServiceRequest Reference eg) /ws/fhir2/{release}/Task?based-on={ServiceRequestUuid}</p>
</div><table class="grid"><tr><td>Resource</td><td><a href="http://hl7.org/fhir/R4/task.html">Task</a></td></tr><tr><td>Expression</td><td>(none)</td></tr><tr><td>Target Resources</td><td><a href="http://hl7.org/fhir/R4/task.html">Task</a></td></tr><tr><td>Multiples</td><td>The parameter cannot repeat or have multiple values</td></tr></table></div></text><url value="http://fhir.openmrs.org/fhir/SearchParameter/Task-basedOn"/><version value="0.1.0"/><name value="TaskBasedOnSearchParameter"/><status value="active"/><date value="2023-03-16T10:02:34+00:00"/><contact><name value="OpenMRS, Inc."/><telecom><system value="url"/><value value="https://openmrs.org"/></telecom></contact><description value="Searches for FhirTask based on the ServiceRequest Reference eg) /ws/fhir2/{release}/Task?based-on={ServiceRequestUuid}"/><code value="Task.based-on"/><base value="Task"/><type value="reference"/><target value="Task"/></SearchParameter>