<?xml version="1.0" encoding="UTF-8"?><SearchParameter xmlns="http://hl7.org/fhir"><id value="MedicationRequest-id"/><text><status value="generated"/><div xmlns="http://www.w3.org/1999/xhtml"><h2>MedicationRequestUuidSearchParameter</h2><p>Parameter <code>_id</code>:<code>token</code></p><div><p>Searches based on the MedicationRequest uuid field for the MedicationRequest record eg) /ws/fhir2/{release}}/MedicationRequest?_id={uuid}</p>
</div><table class="grid"><tr><td>Resource</td><td><a href="http://hl7.org/fhir/R4/medicationrequest.html">MedicationRequest</a></td></tr><tr><td>Expression</td><td>(none)</td></tr><tr><td>Target Resources</td><td><a href="http://hl7.org/fhir/R4/medicationrequest.html">MedicationRequest</a></td></tr><tr><td>Multiples</td><td>The parameter cannot repeat or have multiple values</td></tr></table></div></text><url value="http://fhir.openmrs.org/fhir/SearchParameter/MedicationRequest-id"/><version value="0.1.0"/><name value="MedicationRequestUuidSearchParameter"/><status value="active"/><date value="2023-03-16T10:02:34+00:00"/><contact><name value="OpenMRS, Inc."/><telecom><system value="url"/><value value="https://openmrs.org"/></telecom></contact><description value="Searches based on the MedicationRequest uuid field for the MedicationRequest record eg) /ws/fhir2/{release}}/MedicationRequest?_id={uuid}"/><code value="_id"/><base value="MedicationRequest"/><type value="token"/><target value="MedicationRequest"/></SearchParameter>