<?xml version="1.0" encoding="UTF-8"?><SearchParameter xmlns="http://hl7.org/fhir"><id value="Practitioner.family"/><url value="http://fhir.openmrs.org/fhir/SearchParameter/Practitioner.family"/><version value="0.1.0"/><name value="PractitionerFamilyNameSearchParameter"/><status value="active"/><date value="2022-10-12T01:19:25+00:00"/><contact><name value="OpenMRS, Inc."/><telecom><system value="url"/><value value="https://openmrs.org"/></telecom></contact><description value="Searches for Practitioner based on the Practitioner's family name eg) /ws/fhir2/{release}/Practitioner?family={familyName}"/><code value="practitioner.family"/><base value="Practitioner"/><type value="string"/><target value="OMRSPractitioner"/></SearchParameter>