<?xml version="1.0" encoding="UTF-8"?><ValueSet xmlns="http://hl7.org/fhir"><id value="valueset-immunization-status"/><text><status value="generated"/><div xmlns="http://www.w3.org/1999/xhtml"><ul><li>Include these codes as defined in <code>https://fhir.openmrs.org/fhir/valueset-immunization-status</code><table class="none"><tr><td style="white-space:nowrap"><b>Code</b></td><td><b>Display</b></td></tr><tr><td>completed</td><td>completed</td></tr><tr><td>entered-in-error</td><td>entered-in-error</td></tr><tr><td>not-done</td><td>not-done</td></tr></table></li></ul></div></text><url value="http://fhir.openmrs.org/fhir/ValueSet/valueset-immunization-status"/><version value="0.1.0"/><name value="ImmunizationStatusVs"/><title value="Immunization Status ValueSet"/><status value="active"/><date value="2023-03-16T10:02:34+00:00"/><contact><name value="OpenMRS, Inc."/><telecom><system value="url"/><value value="https://openmrs.org"/></telecom></contact><description value="Immunization Value Set"/><compose><include><system value="https://fhir.openmrs.org/fhir/valueset-immunization-status"/><concept><code value="completed"/><display value="completed"/></concept><concept><code value="entered-in-error"/><display value="entered-in-error"/></concept><concept><code value="not-done"/><display value="not-done"/></concept></include></compose></ValueSet>