<?xml version="1.0" encoding="UTF-8"?>

<Condition xmlns="http://hl7.org/fhir">
  <id value="a6867095-e2b1-4a68-9aaa-0d161a37ce9c"/>
  <meta>
    <profile value="http://fhir.openmrs.org/core/StructureDefinition/omrs-Condition"/>
  </meta>
  <text>
    <status value="generated"/><div xmlns="http://www.w3.org/1999/xhtml"><p class="res-header-id"><b>Generated Narrative: Condition a6867095-e2b1-4a68-9aaa-0d161a37ce9c</b></p><a name="a6867095-e2b1-4a68-9aaa-0d161a37ce9c"> </a><a name="hca6867095-e2b1-4a68-9aaa-0d161a37ce9c"> </a><a name="a6867095-e2b1-4a68-9aaa-0d161a37ce9c-en-US"> </a><p><b>code</b>: <span title="Codes:{https://openconceptlab.org/orgs/CIEL/sources/CIEL 116128}">116128</span></p><p><b>subject</b>: <a href="Patient-example-openmrs-Patient.html">Horatio Hornblower (OpenMRS ID:101-6)</a></p><p><b>recordedDate</b>: 2019-06-18 06:37:26+0300</p></div>
  </text>
  <code>
    <coding>
      <system value="https://openconceptlab.org/orgs/CIEL/sources/CIEL"/>
      <code value="116128"/>
    </coding>
  </code>
  <subject>
    <reference value="Patient/example-openmrs-Patient"/>
    <type value="Patient"/>
    <identifier>
      <use value="official"/>
      <value value="101-6"/>
    </identifier>
    <display value="Horatio Hornblower (OpenMRS ID:101-6)"/>
  </subject>
  <recordedDate value="2019-06-18T06:37:26+03:00"/>
</Condition>