<?xml version="1.0" encoding="UTF-8"?>

<Organization xmlns="http://hl7.org/fhir">
  <id value="e05c3693-4bcf-4e14-8900-86582265c659"/>
  <text>
    <status value="generated"/><div xmlns="http://www.w3.org/1999/xhtml"><p class="res-header-id"><b>Generated Narrative: Organization e05c3693-4bcf-4e14-8900-86582265c659</b></p><a name="e05c3693-4bcf-4e14-8900-86582265c659"> </a><a name="hce05c3693-4bcf-4e14-8900-86582265c659"> </a><a name="e05c3693-4bcf-4e14-8900-86582265c659-en-US"> </a><p><b>active</b>: true</p><p><b>name</b>: Clinical Laboratory - Acme Hospital</p></div>
  </text>
  <active value="true"/>
  <name value="Clinical Laboratory - Acme Hospital"/>
</Organization>