<?xml version="1.0" encoding="UTF-8"?>

<Practitioner xmlns="http://hl7.org/fhir">
  <id value="7a9e2727-11ee-47ae-8af5-1dcf5337f7c2"/>
  <meta>
    <profile value="http://fhir.openmrs.org/core/StructureDefinition/omrs-practitioner"/>
  </meta>
  <text>
    <status value="generated"/><div xmlns="http://www.w3.org/1999/xhtml"><p class="res-header-id"><b>Generated Narrative: Practitioner 7a9e2727-11ee-47ae-8af5-1dcf5337f7c2</b></p><a name="7a9e2727-11ee-47ae-8af5-1dcf5337f7c2"> </a><a name="hc7a9e2727-11ee-47ae-8af5-1dcf5337f7c2"> </a><a name="7a9e2727-11ee-47ae-8af5-1dcf5337f7c2-en-US"> </a><p><b>identifier</b>: 1001</p><p><b>active</b>: true</p><p><b>name</b>: Adam Careful </p><p><b>telecom</b>: ph: (545-243-545-1)</p><p><b>address</b>: 534 Erewhon St PleasantVille Vic (home)</p><p><b>gender</b>: Male</p><p><b>birthDate</b>: 1974-12-25</p></div>
  </text>
  <identifier>
    <value value="1001"/>
  </identifier>
  <active value="true"/>
  <name>
    <family value="Careful"/>
    <given value="Adam"/>
    <suffix value="Dr"/>
  </name>
  <telecom>
    <system value="phone"/>
    <value value="(545-243-545-1)"/>
  </telecom>
  <address>
    <use value="home"/>
    <line value="534 Erewhon St"/>
    <city value="PleasantVille"/>
    <state value="Vic"/>
  </address>
  <gender value="male"/>
  <birthDate value="1974-12-25"/>
</Practitioner>