<?xml version="1.0" encoding="UTF-8"?>

<SearchParameter xmlns="http://hl7.org/fhir">
  <id value="patient-name"/>
  <text>
    <status value="generated"/><div xmlns="http://www.w3.org/1999/xhtml"><p class="res-header-id"><b>Generated Narrative: SearchParameter patient-name</b></p><a name="patient-name"> </a><a name="hcpatient-name"> </a><a name="patient-name-en-US"> </a><h2>PatientNameSearchParameter</h2><p>Parameter <code>name</code>:<code>string</code></p><div><p>Searches for patient based on patient's full or partial name eg) /ws/fhir2/{release}/Patient?name={name}</p>
</div><table class="grid"><tr><td>Resource</td><td><a href="http://hl7.org/fhir/R4/patient.html">Patient</a></td></tr><tr><td>Expression</td><td>(none)</td></tr><tr><td>Target Resources</td><td><a href="http://hl7.org/fhir/R4/patient.html">Patient</a></td></tr><tr><td>Multiples</td><td><ul><li>multipleAnd: It's up to the server whether the parameter may repeat in order to specify multiple values that must all be true</li><li>multipleOr: It's up to the server whether the parameter can have multiple values (separated by comma) where at least one must be true</li></ul></td></tr></table></div>
  </text>
  <url value="http://fhir.openmrs.org/core/SearchParameter/patient-name"/>
  <version value="0.1.0"/>
  <name value="PatientNameSearchParameter"/>
  <status value="active"/>
  <date value="2024-12-11T17:14:00+00:00"/>
  <contact>
    <name value="OpenMRS, Inc."/>
    <telecom>
      <system value="url"/>
      <value value="https://openmrs.org"/>
    </telecom>
  </contact>
  <description value="Searches for patient based on patient's full or partial name eg) /ws/fhir2/{release}/Patient?name={name}"/>
  <code value="name"/>
  <base value="Patient"/>
  <type value="string"/>
  <target value="Patient"/>
</SearchParameter>