<?xml version="1.0" encoding="UTF-8"?>

<SearchParameter xmlns="http://hl7.org/fhir">
  <id value="AllergyIntolerance-category"/>
  <text>
    <status value="generated"/><div xmlns="http://www.w3.org/1999/xhtml"><h2>AllergyIntoleranceCategorySearchParameter</h2><p>Parameter <code>category</code>:<code>token</code></p><div><p>Searches for AllergyIntolerance based on the category eg) /ws/fhir2/{release}/AllergyIntolerance?category={category}</p>
</div><table class="grid"><tr><td>Resource</td><td><a href="http://hl7.org/fhir/R4/allergyintolerance.html">AllergyIntolerance</a></td></tr><tr><td>Expression</td><td>(none)</td></tr><tr><td>Target Resources</td><td><a href="http://hl7.org/fhir/R4/allergyintolerance.html">AllergyIntolerance</a></td></tr><tr><td>Multiples</td><td>The parameter cannot repeat or have multiple values</td></tr></table></div>
  </text>
  <url value="http://fhir.openmrs.org/fhir/SearchParameter/AllergyIntolerance-category"/>
  <version value="0.1.0"/>
  <name value="AllergyIntoleranceCategorySearchParameter"/>
  <status value="active"/>
  <date value="2023-03-16T12:56:05+00:00"/>
  <contact>
    <name value="OpenMRS, Inc."/>
    <telecom>
      <system value="url"/>
      <value value="https://openmrs.org"/>
    </telecom>
  </contact>
  <description value="Searches for AllergyIntolerance based on the category eg) /ws/fhir2/{release}/AllergyIntolerance?category={category}"/>
  <code value="category"/>
  <base value="AllergyIntolerance"/>
  <type value="token"/>
  <target value="AllergyIntolerance"/>
</SearchParameter>