<?xml version="1.0" encoding="UTF-8"?>

<SearchParameter xmlns="http://hl7.org/fhir">
  <id value="AllergyIntolerance-patient"/>
  <text>
    <status value="generated"/><div xmlns="http://www.w3.org/1999/xhtml"><p class="res-header-id"><b>Generated Narrative: SearchParameter AllergyIntolerance-patient</b></p><a name="AllergyIntolerance-patient"> </a><a name="hcAllergyIntolerance-patient"> </a><a name="AllergyIntolerance-patient-en-US"> </a><h2>AllergyIntolerancePatientSearchParameter</h2><p>Parameter <code>patient</code>:<code>reference</code></p><div><p>Searches for AllergyIntolerance by a given patient eg) /ws/fhir2/{release}/AllergyIntolerance?patient={patientUuid}</p>
</div><table class="grid"><tr><td>Resource</td><td><a href="http://hl7.org/fhir/R4/allergyintolerance.html">AllergyIntolerance</a></td></tr><tr><td>Expression</td><td>(none)</td></tr><tr><td>Target Resources</td><td><a href="http://hl7.org/fhir/R4/allergyintolerance.html">AllergyIntolerance</a></td></tr><tr><td>Multiples</td><td><ul><li>multipleAnd: It's up to the server whether the parameter may repeat in order to specify multiple values that must all be true</li><li>multipleOr: It's up to the server whether the parameter can have multiple values (separated by comma) where at least one must be true</li></ul></td></tr></table></div>
  </text>
  <url value="http://fhir.openmrs.org/core/SearchParameter/AllergyIntolerance-patient"/>
  <version value="0.1.0"/>
  <name value="AllergyIntolerancePatientSearchParameter"/>
  <status value="active"/>
  <date value="2024-12-11T17:14:00+00:00"/>
  <contact>
    <name value="OpenMRS, Inc."/>
    <telecom>
      <system value="url"/>
      <value value="https://openmrs.org"/>
    </telecom>
  </contact>
  <description value="Searches for AllergyIntolerance by a given patient eg) /ws/fhir2/{release}/AllergyIntolerance?patient={patientUuid}"/>
  <code value="patient"/>
  <base value="AllergyIntolerance"/>
  <type value="reference"/>
  <target value="AllergyIntolerance"/>
</SearchParameter>