<?xml version="1.0" encoding="UTF-8"?>

<SearchParameter xmlns="http://hl7.org/fhir">
  <id value="Practitioner-address-state"/>
  <text>
    <status value="generated"/><div xmlns="http://www.w3.org/1999/xhtml"><p class="res-header-id"><b>Generated Narrative: SearchParameter Practitioner-address-state</b></p><a name="Practitioner-address-state"> </a><a name="hcPractitioner-address-state"> </a><a name="Practitioner-address-state-en-US"> </a><h2>PractitionerStateSearchParameter</h2><p>Parameter <code>address-state</code>:<code>string</code></p><div><p>Searches based on the address-state field for the Practitioner record eg) /ws/fhir2/{release}/Practitioner?address-state={state}</p>
</div><table class="grid"><tr><td>Resource</td><td><a href="http://hl7.org/fhir/R4/practitioner.html">Practitioner</a></td></tr><tr><td>Expression</td><td>(none)</td></tr><tr><td>Target Resources</td><td><a href="http://hl7.org/fhir/R4/practitioner.html">Practitioner</a></td></tr><tr><td>Multiples</td><td><ul><li>multipleAnd: It's up to the server whether the parameter may repeat in order to specify multiple values that must all be true</li><li>multipleOr: It's up to the server whether the parameter can have multiple values (separated by comma) where at least one must be true</li></ul></td></tr></table></div>
  </text>
  <url value="http://fhir.openmrs.org/core/SearchParameter/Practitioner-address-state"/>
  <version value="0.1.0"/>
  <name value="PractitionerStateSearchParameter"/>
  <status value="active"/>
  <date value="2024-12-11T17:14:00+00:00"/>
  <contact>
    <name value="OpenMRS, Inc."/>
    <telecom>
      <system value="url"/>
      <value value="https://openmrs.org"/>
    </telecom>
  </contact>
  <description value="Searches based on the address-state field for the Practitioner record eg) /ws/fhir2/{release}/Practitioner?address-state={state}"/>
  <code value="address-state"/>
  <base value="Practitioner"/>
  <type value="string"/>
  <target value="Practitioner"/>
</SearchParameter>