<?xml version="1.0" encoding="UTF-8"?>

<SearchParameter xmlns="http://hl7.org/fhir">
  <id value="patient-deceased"/>
  <text>
    <status value="generated"/><div xmlns="http://www.w3.org/1999/xhtml"><p><b>Generated Narrative: SearchParameter</b><a name="patient-deceased"> </a></p><div style="display: inline-block; background-color: #d9e0e7; padding: 6px; margin: 4px; border: 1px solid #8da1b4; border-radius: 5px; line-height: 60%"><p style="margin-bottom: 0px">Resource SearchParameter "patient-deceased" </p></div><p><b>url</b>: <code>http://fhir.openmrs.org/fhir/SearchParameter/patient-deceased</code></p><p><b>version</b>: 0.1.0</p><p><b>name</b>: patientDeathDateSearchParameter</p><p><b>status</b>: active</p><p><b>date</b>: 2022-10-12 01:19:25+0000</p><p><b>contact</b>: OpenMRS, Inc.: <a href="https://openmrs.org">https://openmrs.org</a></p><p><b>description</b>: Searches based on whether a patient is marked as deceased. Acceptable values are true or false eg) /ws/fhir2/{release}/Patient?deceased={boolean}</p><p><b>code</b>: deceased</p><p><b>base</b>: Patient</p><p><b>type</b>: token</p><p><b>target</b>: OMRSPatient</p></div>
  </text>
  <url value="http://fhir.openmrs.org/fhir/SearchParameter/patient-deceased"/>
  <version value="0.1.0"/>
  <name value="patientDeathDateSearchParameter"/>
  <status value="active"/>
  <date value="2022-10-12T01:19:25+00:00"/>
  <contact>
    <name value="OpenMRS, Inc."/>
    <telecom>
      <system value="url"/>
      <value value="https://openmrs.org"/>
    </telecom>
  </contact>
  <description value="Searches based on whether a patient is marked as deceased. Acceptable values are true or false eg) /ws/fhir2/{release}/Patient?deceased={boolean}"/>
  <code value="deceased"/>
  <base value="Patient"/>
  <type value="token"/>
  <target value="OMRSPatient"/>
</SearchParameter>