<?xml version="1.0" encoding="UTF-8"?>

<ValueSet xmlns="http://hl7.org/fhir">
  <id value="OpenMRS-diagnostic-report-status-vs"/>
  <text>
    <status value="generated"/><div xmlns="http://www.w3.org/1999/xhtml"><ul><li>Include these codes as defined in <a href="http://hl7.org/fhir/R4/codesystem-diagnostic-report-status.html"><code>http://hl7.org/fhir/diagnostic-report-status</code></a><table class="none"><tr><td style="white-space:nowrap"><b>Code</b></td><td><b>Display</b></td></tr><tr><td><a href="http://hl7.org/fhir/R4/codesystem-diagnostic-report-status.html#diagnostic-report-status-diagnostic-report-status-partial">diagnostic-report-status-partial</a></td><td>Partial</td></tr><tr><td><a href="http://hl7.org/fhir/R4/codesystem-diagnostic-report-status.html#diagnostic-report-status-diagnostic-report-status-final">diagnostic-report-status-final</a></td><td>Final</td></tr><tr><td><a href="http://hl7.org/fhir/R4/codesystem-diagnostic-report-status.html#diagnostic-report-status-diagnostic-report-status-unknown">diagnostic-report-status-unknown</a></td><td>Unknown</td></tr><tr><td><a href="http://hl7.org/fhir/R4/codesystem-diagnostic-report-status.html#diagnostic-report-status-diagnostic-report-status-canceled">diagnostic-report-status-canceled</a></td><td>Canceled</td></tr><tr><td><a href="http://hl7.org/fhir/R4/codesystem-diagnostic-report-status.html#diagnostic-report-status-diagnostic-report-status-amended">diagnostic-report-status-amended</a></td><td>Amended</td></tr></table></li></ul></div>
  </text>
  <url value="http://fhir.openmrs.org/fhir/ValueSet/OpenMRS-diagnostic-report-status-vs"/>
  <version value="0.1.0"/>
  <name value="OpenMRSDiagnosis"/>
  <title value="OpenMRS Diagnostic Report Status Flag"/>
  <status value="active"/>
  <date value="2023-03-16T12:56:05+00:00"/>
  <contact>
    <name value="OpenMRS, Inc."/>
    <telecom>
      <system value="url"/>
      <value value="https://openmrs.org"/>
    </telecom>
  </contact>
  <description value="The status of the diagnostic report, subset from https://www.hl7.org/fhir/valueset-diagnostic-report-status.html"/>
  <compose>
    <include>
      <system value="http://hl7.org/fhir/diagnostic-report-status"/>
      <concept>
        <code value="diagnostic-report-status-partial"/>
        <display value="Partial"/>
      </concept>
      <concept>
        <code value="diagnostic-report-status-final"/>
        <display value="Final"/>
      </concept>
      <concept>
        <code value="diagnostic-report-status-unknown"/>
        <display value="Unknown"/>
      </concept>
      <concept>
        <code value="diagnostic-report-status-canceled"/>
        <display value="Canceled"/>
      </concept>
      <concept>
        <code value="diagnostic-report-status-amended"/>
        <display value="Amended"/>
      </concept>
    </include>
  </compose>
</ValueSet>