{
  "resourceType": "SearchParameter",
  "id": "condition-subject-name",
  "text": {
    "status": "generated",
    "div": "<div xmlns=\"http://www.w3.org/1999/xhtml\"><p><b>Generated Narrative: SearchParameter</b><a name=\"condition-subject-name\"> </a></p><div style=\"display: inline-block; background-color: #d9e0e7; padding: 6px; margin: 4px; border: 1px solid #8da1b4; border-radius: 5px; line-height: 60%\"><p style=\"margin-bottom: 0px\">Resource SearchParameter \"condition-subject-name\" </p></div><p><b>url</b>: <code>http://fhir.openmrs.org/fhir/SearchParameter/condition-subject-name</code></p><p><b>version</b>: 0.1.0</p><p><b>name</b>: conditionSubjectNameSearchParameter</p><p><b>status</b>: active</p><p><b>date</b>: 2022-10-12 01:19:25+0000</p><p><b>contact</b>: OpenMRS, Inc.: <a href=\"https://openmrs.org\">https://openmrs.org</a></p><p><b>description</b>: Searches for condition based on the patient's full or partial name eg) /ws/fhir2/{release}/Condition?subject:Patient.name={name}</p><p><b>code</b>: subject.name</p><p><b>base</b>: Condition</p><p><b>type</b>: string</p><p><b>target</b>: OMRSCondition</p></div>"
  },
  "url": "http://fhir.openmrs.org/fhir/SearchParameter/condition-subject-name",
  "version": "0.1.0",
  "name": "conditionSubjectNameSearchParameter",
  "status": "active",
  "date": "2022-10-12T01:19:25+00:00",
  "contact": [
    {
      "name": "OpenMRS, Inc.",
      "telecom": [
        {
          "system": "url",
          "value": "https://openmrs.org"
        }
      ]
    }
  ],
  "description": "Searches for condition based on the patient's full or partial name eg) /ws/fhir2/{release}/Condition?subject:Patient.name={name}",
  "code": "subject.name",
  "base": [
    "Condition"
  ],
  "type": "string",
  "target": [
    "OMRSCondition"
  ]
}