{
  "resourceType" : "SearchParameter",
  "id" : "condition-recorded-date",
  "text" : {
    "status" : "generated",
    "div" : "<div xmlns=\"http://www.w3.org/1999/xhtml\"><h2>conditionRecordedDateSearchParameter</h2><p>Parameter <code>recorded-date</code>:<code>date</code></p><div><p>Searches for condition based on the condition creation date eg) /ws/fhir2/{release}/Condition?recorded-date={date}</p>\n</div><table class=\"grid\"><tr><td>Resource</td><td><a href=\"http://hl7.org/fhir/R4/condition.html\">Condition</a></td></tr><tr><td>Expression</td><td>(none)</td></tr><tr><td>Target Resources</td><td><a href=\"http://hl7.org/fhir/R4/condition.html\">Condition</a></td></tr><tr><td>Multiples</td><td>The parameter cannot repeat or have multiple values</td></tr></table></div>"
  },
  "url" : "http://fhir.openmrs.org/fhir/SearchParameter/condition-recorded-date",
  "version" : "0.1.0",
  "name" : "conditionRecordedDateSearchParameter",
  "status" : "active",
  "date" : "2023-03-16T10:02:34+00:00",
  "contact" : [{
    "name" : "OpenMRS, Inc.",
    "telecom" : [{
      "system" : "url",
      "value" : "https://openmrs.org"
    }]
  }],
  "description" : "Searches for condition based on the condition creation date eg) /ws/fhir2/{release}/Condition?recorded-date={date}",
  "code" : "recorded-date",
  "base" : ["Condition"],
  "type" : "date",
  "target" : ["Condition"]
}