{
  "resourceType" : "SearchParameter",
  "id" : "Practitioner.family",
  "text" : {
    "status" : "generated",
    "div" : "<div xmlns=\"http://www.w3.org/1999/xhtml\"><h2>PractitionerFamilyNameSearchParameter</h2><p>Parameter <code>practitioner.family</code>:<code>string</code></p><div><p>Searches for Practitioner based on the Practitioner's family name eg) /ws/fhir2/{release}/Practitioner?family={familyName}</p>\n</div><table class=\"grid\"><tr><td>Resource</td><td><a href=\"http://hl7.org/fhir/R4/practitioner.html\">Practitioner</a></td></tr><tr><td>Expression</td><td>(none)</td></tr><tr><td>Target Resources</td><td><a href=\"http://hl7.org/fhir/R4/practitioner.html\">Practitioner</a></td></tr><tr><td>Multiples</td><td>The parameter cannot repeat or have multiple values</td></tr></table></div>"
  },
  "url" : "http://fhir.openmrs.org/fhir/SearchParameter/Practitioner.family",
  "version" : "0.1.0",
  "name" : "PractitionerFamilyNameSearchParameter",
  "status" : "active",
  "date" : "2023-03-16T10:02:34+00:00",
  "contact" : [{
    "name" : "OpenMRS, Inc.",
    "telecom" : [{
      "system" : "url",
      "value" : "https://openmrs.org"
    }]
  }],
  "description" : "Searches for Practitioner based on the Practitioner's family name eg) /ws/fhir2/{release}/Practitioner?family={familyName}",
  "code" : "practitioner.family",
  "base" : ["Practitioner"],
  "type" : "string",
  "target" : ["Practitioner"]
}