{
  "resourceType" : "SearchParameter",
  "id" : "person-address-city",
  "text" : {
    "status" : "generated",
    "div" : "<div xmlns=\"http://www.w3.org/1999/xhtml\"><p class=\"res-header-id\"><b>Generated Narrative: SearchParameter person-address-city</b></p><a name=\"person-address-city\"> </a><a name=\"hcperson-address-city\"> </a><a name=\"person-address-city-en-US\"> </a><h2>PersonCitySearchParameter</h2><p>Parameter <code>address-city</code>:<code>string</code></p><div><p>Searches based on the person's recorded city/village of address eg) /ws/fhir2/{release}/Person?address-city={city}</p>\n</div><table class=\"grid\"><tr><td>Resource</td><td><a href=\"http://hl7.org/fhir/R4/person.html\">Person</a></td></tr><tr><td>Expression</td><td>(none)</td></tr><tr><td>Target Resources</td><td><a href=\"http://hl7.org/fhir/R4/person.html\">Person</a></td></tr><tr><td>Multiples</td><td><ul><li>multipleAnd: It's up to the server whether the parameter may repeat in order to specify multiple values that must all be true</li><li>multipleOr: It's up to the server whether the parameter can have multiple values (separated by comma) where at least one must be true</li></ul></td></tr></table></div>"
  },
  "url" : "http://fhir.openmrs.org/core/SearchParameter/person-address-city",
  "version" : "0.1.0",
  "name" : "PersonCitySearchParameter",
  "status" : "active",
  "date" : "2024-12-11T17:14:00+00:00",
  "contact" : [{
    "name" : "OpenMRS, Inc.",
    "telecom" : [{
      "system" : "url",
      "value" : "https://openmrs.org"
    }]
  }],
  "description" : "Searches based on the person's recorded city/village of address eg) /ws/fhir2/{release}/Person?address-city={city}",
  "code" : "address-city",
  "base" : ["Person"],
  "type" : "string",
  "target" : ["Person"]
}