{
  "resourceType" : "SearchParameter",
  "id" : "person-name",
  "text" : {
    "status" : "generated",
    "div" : "<div xmlns=\"http://www.w3.org/1999/xhtml\"><h2>personNameSearchParameter</h2><p>Parameter <code>name</code>:<code>string</code></p><div><p>Searches for Person based on full or partial name eg) /ws/fhir2/{release}/Person?name={name}</p>\n</div><table class=\"grid\"><tr><td>Resource</td><td><a href=\"http://hl7.org/fhir/R4/person.html\">Person</a></td></tr><tr><td>Expression</td><td>(none)</td></tr><tr><td>Target Resources</td><td><a href=\"http://hl7.org/fhir/R4/person.html\">Person</a></td></tr><tr><td>Multiples</td><td>The parameter cannot repeat or have multiple values</td></tr></table></div>"
  },
  "url" : "http://fhir.openmrs.org/fhir/SearchParameter/person-name",
  "version" : "0.1.0",
  "name" : "personNameSearchParameter",
  "status" : "active",
  "date" : "2023-03-16T10:02:34+00:00",
  "contact" : [{
    "name" : "OpenMRS, Inc.",
    "telecom" : [{
      "system" : "url",
      "value" : "https://openmrs.org"
    }]
  }],
  "description" : "Searches for Person based on full or partial name eg) /ws/fhir2/{release}/Person?name={name} ",
  "code" : "name",
  "base" : ["Person"],
  "type" : "string",
  "target" : ["Person"]
}