{
  "resourceType" : "SearchParameter",
  "id" : "Task-owner",
  "text" : {
    "status" : "generated",
    "div" : "<div xmlns=\"http://www.w3.org/1999/xhtml\"><p class=\"res-header-id\"><b>Generated Narrative: SearchParameter Task-owner</b></p><a name=\"Task-owner\"> </a><a name=\"hcTask-owner\"> </a><a name=\"Task-owner-en-US\"> </a><h2>TaskOwnerSearchParameter</h2><p>Parameter <code>Task.owner</code>:<code>reference</code></p><div><p>Searches for FhirTask based on the Organization Reference eg) /ws/fhir2/{release}/Task?owner={uuid}</p>\n</div><table class=\"grid\"><tr><td>Resource</td><td><a href=\"http://hl7.org/fhir/R4/task.html\">Task</a></td></tr><tr><td>Expression</td><td>(none)</td></tr><tr><td>Target Resources</td><td><a href=\"http://hl7.org/fhir/R4/task.html\">Task</a></td></tr><tr><td>Multiples</td><td><ul><li>multipleAnd: It's up to the server whether the parameter may repeat in order to specify multiple values that must all be true</li><li>multipleOr: It's up to the server whether the parameter can have multiple values (separated by comma) where at least one must be true</li></ul></td></tr></table></div>"
  },
  "url" : "http://fhir.openmrs.org/core/SearchParameter/Task-owner",
  "version" : "0.1.0",
  "name" : "TaskOwnerSearchParameter",
  "status" : "active",
  "date" : "2024-12-11T17:14:00+00:00",
  "contact" : [{
    "name" : "OpenMRS, Inc.",
    "telecom" : [{
      "system" : "url",
      "value" : "https://openmrs.org"
    }]
  }],
  "description" : "Searches for FhirTask based on the Organization Reference eg) /ws/fhir2/{release}/Task?owner={uuid}",
  "code" : "Task.owner",
  "base" : ["Task"],
  "type" : "reference",
  "target" : ["Task"]
}