{
  "resourceType": "SearchParameter",
  "id": "MedicationRequest-id",
  "text": {
    "status": "generated",
    "div": "<div xmlns=\"http://www.w3.org/1999/xhtml\"><p><b>Generated Narrative: SearchParameter</b><a name=\"MedicationRequest-id\"> </a></p><div style=\"display: inline-block; background-color: #d9e0e7; padding: 6px; margin: 4px; border: 1px solid #8da1b4; border-radius: 5px; line-height: 60%\"><p style=\"margin-bottom: 0px\">Resource SearchParameter \"MedicationRequest-id\" </p></div><p><b>url</b>: <code>http://fhir.openmrs.org/fhir/SearchParameter/MedicationRequest-id</code></p><p><b>version</b>: 0.1.0</p><p><b>name</b>: MedicationRequestUuidSearchParameter</p><p><b>status</b>: active</p><p><b>date</b>: 2022-10-12 01:19:25+0000</p><p><b>contact</b>: OpenMRS, Inc.: <a href=\"https://openmrs.org\">https://openmrs.org</a></p><p><b>description</b>: Searches based on the MedicationRequest uuid field for the MedicationRequest record eg) /ws/fhir2/{release}}/MedicationRequest?_id={uuid}</p><p><b>code</b>: _id</p><p><b>base</b>: MedicationRequest</p><p><b>type</b>: token</p><p><b>target</b>: OMRSMedicationRequest</p></div>"
  },
  "url": "http://fhir.openmrs.org/fhir/SearchParameter/MedicationRequest-id",
  "version": "0.1.0",
  "name": "MedicationRequestUuidSearchParameter",
  "status": "active",
  "date": "2022-10-12T01:19:25+00:00",
  "contact": [
    {
      "name": "OpenMRS, Inc.",
      "telecom": [
        {
          "system": "url",
          "value": "https://openmrs.org"
        }
      ]
    }
  ],
  "description": "Searches based on the MedicationRequest uuid field for the MedicationRequest record eg) /ws/fhir2/{release}}/MedicationRequest?_id={uuid}",
  "code": "_id",
  "base": [
    "MedicationRequest"
  ],
  "type": "token",
  "target": [
    "OMRSMedicationRequest"
  ]
}