{
  "resourceType" : "SearchParameter",
  "id" : "patient-address-country",
  "text" : {
    "status" : "generated",
    "div" : "<div xmlns=\"http://www.w3.org/1999/xhtml\"><p class=\"res-header-id\"><b>Generated Narrative: SearchParameter patient-address-country</b></p><a name=\"patient-address-country\"> </a><a name=\"hcpatient-address-country\"> </a><a name=\"patient-address-country-en-US\"> </a><h2>PatientCountrySearchParameter</h2><p>Parameter <code>address-country</code>:<code>string</code></p><div><p>Searches based on the patient's recorded country of address eg) /ws/fhir2/{release}/Patient?address-country={country}</p>\n</div><table class=\"grid\"><tr><td>Resource</td><td><a href=\"http://hl7.org/fhir/R4/patient.html\">Patient</a></td></tr><tr><td>Expression</td><td>(none)</td></tr><tr><td>Target Resources</td><td><a href=\"http://hl7.org/fhir/R4/patient.html\">Patient</a></td></tr><tr><td>Multiples</td><td><ul><li>multipleAnd: It's up to the server whether the parameter may repeat in order to specify multiple values that must all be true</li><li>multipleOr: It's up to the server whether the parameter can have multiple values (separated by comma) where at least one must be true</li></ul></td></tr></table></div>"
  },
  "url" : "http://fhir.openmrs.org/core/SearchParameter/patient-address-country",
  "version" : "0.1.0",
  "name" : "PatientCountrySearchParameter",
  "status" : "active",
  "date" : "2024-12-11T17:14:00+00:00",
  "contact" : [{
    "name" : "OpenMRS, Inc.",
    "telecom" : [{
      "system" : "url",
      "value" : "https://openmrs.org"
    }]
  }],
  "description" : "Searches based on the patient's recorded country of address eg) /ws/fhir2/{release}/Patient?address-country={country}",
  "code" : "address-country",
  "base" : ["Patient"],
  "type" : "string",
  "target" : ["Patient"]
}