{
  "resourceType" : "Task",
  "id" : "e8f8d71a-6c14-4105-b6fe-30f3cf6b7dc9",
  "meta" : {
    "profile" : ["http://fhir.openmrs.org/core/StructureDefinition/OpenMRS-task"]
  },
  "text" : {
    "status" : "generated",
    "div" : "<div xmlns=\"http://www.w3.org/1999/xhtml\"><p class=\"res-header-id\"><b>Generated Narrative: Task e8f8d71a-6c14-4105-b6fe-30f3cf6b7dc9</b></p><a name=\"e8f8d71a-6c14-4105-b6fe-30f3cf6b7dc9\"> </a><a name=\"hce8f8d71a-6c14-4105-b6fe-30f3cf6b7dc9\"> </a><a name=\"e8f8d71a-6c14-4105-b6fe-30f3cf6b7dc9-en-US\"> </a><p><b>basedOn</b>: <a href=\"ServiceRequest-caec0cba-3802-4b70-a6dd-2eb064450763.html\">ServiceRequest HIV 1 and 2 tests - Meaningful Use set</a></p><p><b>status</b>: Completed</p><p><b>intent</b>: order</p><p><b>for</b>: <a href=\"Patient-example-openmrs-Patient.html\">Ricky Jeannette  Male, DoB: 1996-12-12 ( OpenMRS ID:\u00a04343534\u00a0(use:\u00a0official,\u00a0))</a></p><p><b>encounter</b>: <a href=\"Encounter-5b829d01-34bb-47d1-b1bb-9303c3a9ebcb.html\">Encounter: status = unknown; class = ambulatory (ActCode#AMB); type = Vitals; period = 2022-06-22 --&gt; 2022-06-22</a></p><p><b>authoredOn</b>: 2021-02-20</p><p><b>lastModified</b>: 2021-02-21</p><p><b>owner</b>: <a href=\"Organization-e05c3693-4bcf-4e14-8900-86582265c659.html\">Clinical Laboratory @ Acme Hospital</a></p></div>"
  },
  "basedOn" : [{
    "reference" : "ServiceRequest/caec0cba-3802-4b70-a6dd-2eb064450763"
  }],
  "status" : "completed",
  "intent" : "order",
  "for" : {
    "reference" : "Patient/example-openmrs-Patient"
  },
  "encounter" : {
    "reference" : "Encounter/5b829d01-34bb-47d1-b1bb-9303c3a9ebcb"
  },
  "authoredOn" : "2021-02-20",
  "lastModified" : "2021-02-21",
  "owner" : {
    "reference" : "Organization/e05c3693-4bcf-4e14-8900-86582265c659",
    "display" : "Clinical Laboratory @ Acme Hospital"
  }
}