{"resourceType":"SearchParameter","id":"MedicationRequest-patient.family","url":"http://fhir.openmrs.org/fhir/SearchParameter/MedicationRequest-patient.family","version":"0.1.0","name":"MedicationRequestPatientFamilyNameSearchParameter","status":"active","date":"2022-10-12T01:19:25+00:00","contact":[{"name":"OpenMRS, Inc.","telecom":[{"system":"url","value":"https://openmrs.org"}]}],"description":"Searches for MedicationRequest based on the patient's family name eg) /ws/fhir2/{release}/MedicationRequest?patient.family={familyName}","code":"patient.family","base":["MedicationRequest"],"type":"string","target":["OMRSMedicationRequest"]}