{"resourceType":"SearchParameter","id":"patient-deceased","url":"http://fhir.openmrs.org/fhir/SearchParameter/patient-deceased","version":"0.1.0","name":"patientDeathDateSearchParameter","status":"active","date":"2022-12-30T12:43:23+00:00","contact":[{"name":"OpenMRS, Inc.","telecom":[{"system":"url","value":"https://openmrs.org"}]}],"description":"Searches based on whether a patient is marked as deceased. Acceptable values are true or false eg) /ws/fhir2/{release}/Patient?deceased={boolean}","code":"deceased","base":["Patient"],"type":"token","target":["OMRSPatient"]}