{"resourceType":"SearchParameter","id":"Encounter-patient.family","url":"http://fhir.openmrs.org/fhir/SearchParameter/Encounter-patient.family","version":"0.1.0","name":"EncounterPatientFamilyNameSearchParameter","status":"active","date":"2022-10-12T01:19:25+00:00","contact":[{"name":"OpenMRS, Inc.","telecom":[{"system":"url","value":"https://openmrs.org"}]}],"description":"Searches for Encounters based on the patient's family name eg) /ws/fhir2/{release}/Encounter?patient.family={familyName}","code":"patient.family","base":["Encounter"],"type":"string","target":["OMRSEncounter"]}