{"resourceType":"SearchParameter","id":"Practitioner.family","text":{"status":"generated","div":"<div xmlns=\"http://www.w3.org/1999/xhtml\"><p class=\"res-header-id\"><b>Generated Narrative: SearchParameter Practitioner.family</b></p><a name=\"Practitioner.family\"> </a><a name=\"hcPractitioner.family\"> </a><a name=\"Practitioner.family-en-US\"> </a><h2>PractitionerFamilyNameSearchParameter</h2><p>Parameter <code>practitioner.family</code>:<code>string</code></p><div><p>Searches for Practitioner based on the Practitioner's family name eg) /ws/fhir2/{release}/Practitioner?family={familyName}</p>\n</div><table class=\"grid\"><tr><td>Resource</td><td><a href=\"http://hl7.org/fhir/R4/practitioner.html\">Practitioner</a></td></tr><tr><td>Expression</td><td>(none)</td></tr><tr><td>Target Resources</td><td><a href=\"http://hl7.org/fhir/R4/practitioner.html\">Practitioner</a></td></tr><tr><td>Multiples</td><td><ul><li>multipleAnd: It's up to the server whether the parameter may repeat in order to specify multiple values that must all be true</li><li>multipleOr: It's up to the server whether the parameter can have multiple values (separated by comma) where at least one must be true</li></ul></td></tr></table></div>"},"url":"http://fhir.openmrs.org/core/SearchParameter/Practitioner.family","version":"0.1.0","name":"PractitionerFamilyNameSearchParameter","status":"active","date":"2024-12-11T17:14:00+00:00","contact":[{"name":"OpenMRS, Inc.","telecom":[{"system":"url","value":"https://openmrs.org"}]}],"description":"Searches for Practitioner based on the Practitioner's family name eg) /ws/fhir2/{release}/Practitioner?family={familyName}","code":"practitioner.family","base":["Practitioner"],"type":"string","target":["Practitioner"]}