{"resourceType":"SearchParameter","id":"Task-basedOn","url":"http://fhir.openmrs.org/fhir/SearchParameter/Task-basedOn","version":"0.1.0","name":"TaskBasedOnSearchParameter","status":"active","date":"2022-10-12T01:19:25+00:00","contact":[{"name":"OpenMRS, Inc.","telecom":[{"system":"url","value":"https://openmrs.org"}]}],"description":"Searches for FhirTask based on the ServiceRequest Reference eg) /ws/fhir2/{release}/Task?based-on={ServiceRequestUuid}","code":"Task.based-on","base":["Task"],"type":"reference","target":["OpenMRSTask"]}