{"resourceType":"SearchParameter","id":"Encounter-id","url":"http://fhir.openmrs.org/fhir/SearchParameter/Encounter-id","version":"0.1.0","name":"EncounterIdSearchParameter","status":"active","date":"2022-10-12T01:19:25+00:00","contact":[{"name":"OpenMRS, Inc.","telecom":[{"system":"url","value":"https://openmrs.org"}]}],"description":"Searches based on the Encounter uuid field for the Encounter record eg) /ws/fhir2/{release}}/Encounter?_id={uuid}","code":"_id","base":["Encounter"],"type":"token","target":["OMRSEncounter"]}