{"resourceType":"SearchParameter","id":"condition-patient","url":"http://fhir.openmrs.org/fhir/SearchParameter/condition-patient","version":"0.1.0","name":"conditionPatientSearchParameter","status":"active","date":"2022-10-12T01:19:25+00:00","contact":[{"name":"OpenMRS, Inc.","telecom":[{"system":"url","value":"https://openmrs.org"}]}],"description":"Searches for condition by a given patient Uuid eg) /ws/fhir2/{release}/Condition?patient={uuid}","code":"patient","base":["condition"],"type":"reference","target":["OMRSCondition"]}