{"resourceType":"SearchParameter","id":"Encounter-address-postalcode","url":"http://fhir.openmrs.org/fhir/SearchParameter/Encounter-address-postalcode","version":"0.1.0","name":"EncounterPostalCodeSearchParameter","status":"active","date":"2022-12-30T12:43:23+00:00","contact":[{"name":"OpenMRS, Inc.","telecom":[{"system":"url","value":"https://openmrs.org"}]}],"description":"Searches based on the address-postalcode field for the Encounter record eg) /ws/fhir2/{release}/Encounter?address-postalcode={postalCode}","code":"address-postalcode","base":["Encounter"],"type":"string","target":["OMRSEncounter"]}