{"resourceType":"SearchParameter","id":"location-tag","url":"http://fhir.openmrs.org/fhir/SearchParameter/location-tag","version":"0.1.0","name":"LocationTagSearchParameter","status":"active","date":"2022-12-30T12:43:23+00:00","contact":[{"name":"OpenMRS, Inc.","telecom":[{"system":"url","value":"https://openmrs.org"}]}],"description":"Searches based on the tag field for the location record eg) /ws/fhir2/{release}/Location?_tag={tag}","code":"tag","base":["Location"],"type":"string","target":["OMRSLocation"]}