{"resourceType":"SearchParameter","id":"serviceRequest-code","text":{"status":"generated","div":"<div xmlns=\"http://www.w3.org/1999/xhtml\"><p class=\"res-header-id\"><b>Generated Narrative: SearchParameter serviceRequest-code</b></p><a name=\"serviceRequest-code\"> </a><a name=\"hcserviceRequest-code\"> </a><a name=\"serviceRequest-code-en-US\"> </a><h2>ServiceRequestCodeSearchParameter</h2><p>Parameter <code>code</code>:<code>token</code></p><div><p>Searches for serviceRequest based on the serviceRequest concept code eg) /ws/fhir2/{release}/ServiceRequest?code={code}</p>\n</div><table class=\"grid\"><tr><td>Resource</td><td><a href=\"http://hl7.org/fhir/R4/servicerequest.html\">ServiceRequest</a></td></tr><tr><td>Expression</td><td>(none)</td></tr><tr><td>Target Resources</td><td><a href=\"http://hl7.org/fhir/R4/servicerequest.html\">ServiceRequest</a></td></tr><tr><td>Multiples</td><td><ul><li>multipleAnd: It's up to the server whether the parameter may repeat in order to specify multiple values that must all be true</li><li>multipleOr: It's up to the server whether the parameter can have multiple values (separated by comma) where at least one must be true</li></ul></td></tr></table></div>"},"url":"http://fhir.openmrs.org/core/SearchParameter/serviceRequest-code","version":"0.1.0","name":"ServiceRequestCodeSearchParameter","status":"active","date":"2024-12-11T17:14:00+00:00","contact":[{"name":"OpenMRS, Inc.","telecom":[{"system":"url","value":"https://openmrs.org"}]}],"description":"Searches for serviceRequest based on the serviceRequest concept code eg) /ws/fhir2/{release}/ServiceRequest?code={code}","code":"code","base":["ServiceRequest"],"type":"token","target":["ServiceRequest"]}