{"resourceType":"SearchParameter","id":"MedicationRequest-subject-given","url":"http://fhir.openmrs.org/fhir/SearchParameter/MedicationRequest-subject-given","version":"0.1.0","name":"MedicationRequestSubjectGivenSearchParameter","status":"active","date":"2022-10-12T01:19:25+00:00","contact":[{"name":"OpenMRS, Inc.","telecom":[{"system":"url","value":"https://openmrs.org"}]}],"description":"Searches for MedicationRequest based on the patient's given name(s) eg) /ws/fhir2/{release}/MedicationRequest?subject:Patient.given={givenName}","code":"subject.given","base":["MedicationRequest"],"type":"string","target":["OMRSMedicationRequest"]}