{"resourceType":"SearchParameter","id":"Practitioner.name","url":"http://fhir.openmrs.org/fhir/SearchParameter/Practitioner.name","version":"0.1.0","name":"PractitionerNameSearchParameter","status":"active","date":"2022-10-12T01:19:25+00:00","contact":[{"name":"OpenMRS, Inc.","telecom":[{"system":"url","value":"https://openmrs.org"}]}],"description":"Searches for Practitioner based on the Practitioner's full or partial name eg) /ws/fhir2/{release}/Practitioner?name={name}","code":"practitioner.name","base":["Practitioner"],"type":"string","target":["OMRSPractitioner"]}