{"resourceType":"SearchParameter","id":"Task-owner","text":{"status":"generated","div":"<div xmlns=\"http://www.w3.org/1999/xhtml\"><h2>TaskOwnerSearchParameter</h2><p>Parameter <code>Task.owner</code>:<code>reference</code></p><div><p>Searches for FhirTask based on the Organization Reference eg) /ws/fhir2/{release}/Task?owner={uuid}</p>\n</div><table class=\"grid\"><tr><td>Resource</td><td><a href=\"http://hl7.org/fhir/R4/task.html\">Task</a></td></tr><tr><td>Expression</td><td>(none)</td></tr><tr><td>Target Resources</td><td><a href=\"http://hl7.org/fhir/R4/task.html\">Task</a></td></tr><tr><td>Multiples</td><td>The parameter cannot repeat or have multiple values</td></tr></table></div>"},"url":"http://fhir.openmrs.org/fhir/SearchParameter/Task-owner","version":"0.1.0","name":"TaskOwnerSearchParameter","status":"active","date":"2023-03-16T12:56:05+00:00","contact":[{"name":"OpenMRS, Inc.","telecom":[{"system":"url","value":"https://openmrs.org"}]}],"description":"Searches for FhirTask based on the Organization Reference eg) /ws/fhir2/{release}/Task?owner={uuid}","code":"Task.owner","base":["Task"],"type":"reference","target":["Task"]}