{"resourceType":"SearchParameter","id":"condition-subject-name","url":"http://fhir.openmrs.org/fhir/SearchParameter/condition-subject-name","version":"0.1.0","name":"conditionSubjectNameSearchParameter","status":"active","date":"2022-12-30T12:43:23+00:00","contact":[{"name":"OpenMRS, Inc.","telecom":[{"system":"url","value":"https://openmrs.org"}]}],"description":"Searches for condition based on the patient's full or partial name eg) /ws/fhir2/{release}/Condition?subject:Patient.name={name}","code":"subject.name","base":["Condition"],"type":"string","target":["OMRSCondition"]}