{"resourceType":"SearchParameter","id":"Encounter-subject-identifier","url":"http://fhir.openmrs.org/fhir/SearchParameter/Encounter-subject-identifier","version":"0.1.0","name":"EncounterSubjectIdentifierSearchParameter","status":"active","date":"2022-10-12T01:19:25+00:00","contact":[{"name":"OpenMRS, Inc.","telecom":[{"system":"url","value":"https://openmrs.org"}]}],"description":"Searches for Encounter by the patient identifier eg) /ws/fhir2/{release}/Encounter?subject:Patient.identifier={identifier}","code":"subject.identifier","base":["Encounter"],"type":"token","target":["OMRSEncounter"]}