{"resourceType":"SearchParameter","id":"Encounter-participant.name","text":{"status":"generated","div":"<div xmlns=\"http://www.w3.org/1999/xhtml\"><h2>EncounterParticipantNameSearchParameter</h2><p>Parameter <code>participant.name</code>:<code>string</code></p><div><p>Searches for Encounters based on the Practitioner's full or partial name eg) /ws/fhir2/{release}/Encounter?participant.name={name}</p>\n</div><table class=\"grid\"><tr><td>Resource</td><td><a href=\"http://hl7.org/fhir/R4/encounter.html\">Encounter</a></td></tr><tr><td>Expression</td><td>(none)</td></tr><tr><td>Target Resources</td><td><a href=\"http://hl7.org/fhir/R4/encounter.html\">Encounter</a></td></tr><tr><td>Multiples</td><td><ul><li>multipleAnd: It's up to the server whether the parameter may repeat in order to specify multiple values that must all be true</li><li>multipleOr: It's up to the server whether the parameter can have multiple values (separated by comma) where at least one must be true</li></ul></td></tr></table></div>"},"url":"http://fhir.openmrs.org/core/SearchParameter/Encounter-participant.name","version":"0.1.0","name":"EncounterParticipantNameSearchParameter","status":"active","date":"2023-12-08T16:41:46+00:00","contact":[{"name":"OpenMRS, Inc.","telecom":[{"system":"url","value":"https://openmrs.org"}]}],"description":"Searches for Encounters based on the Practitioner's full or partial name eg) /ws/fhir2/{release}/Encounter?participant.name={name}","code":"participant.name","base":["Encounter"],"type":"string","target":["Encounter"]}