{"resourceType":"SearchParameter","id":"condition-code","url":"http://fhir.openmrs.org/fhir/SearchParameter/condition-code","version":"0.1.0","name":"conditionCodeSearchParameter","status":"active","date":"2022-10-12T01:19:25+00:00","contact":[{"name":"OpenMRS, Inc.","telecom":[{"system":"url","value":"https://openmrs.org"}]}],"description":"Searches for condition based on the condition concept code eg) /ws/fhir2/{release}/Condition?code={code}","code":"code","base":["Condition"],"type":"token","target":["OMRSCondition"]}