{"resourceType":"SearchParameter","id":"serviceRequest-subject-given","url":"http://fhir.openmrs.org/fhir/SearchParameter/serviceRequest-subject-given","version":"0.1.0","name":"serviceRequestSubjectGivenSearchParameter","status":"active","date":"2022-10-12T01:19:25+00:00","contact":[{"name":"OpenMRS, Inc.","telecom":[{"system":"url","value":"https://openmrs.org"}]}],"description":"Searches for serviceRequest based on the patient's given name(s) eg) /ws/fhir2/{release}/ServiceRequest?subject:Patient.given={givenName}","code":"subject.given","base":["ServiceRequest"],"type":"string","target":["OpenMRSServiceRequest"]}