{"resourceType":"SearchParameter","id":"Practitioner-lastUpdated","url":"http://fhir.openmrs.org/fhir/SearchParameter/Practitioner-lastUpdated","version":"0.1.0","name":"PractitionerLastUpdatedSearchParameter","status":"active","date":"2022-12-30T12:43:23+00:00","contact":[{"name":"OpenMRS, Inc.","telecom":[{"system":"url","value":"https://openmrs.org"}]}],"description":"Searches based on the Practitioner lastUpdated field for the Practitioner record eg) /ws/fhir2/{release}/Practitioner?_lastUpdated={date-range}","code":"_lastUpdated","base":["Practitioner"],"type":"date","target":["OMRSPractitioner"]}