{"resourceType":"SearchParameter","id":"Encounter-subject-given","url":"http://fhir.openmrs.org/fhir/SearchParameter/Encounter-subject-given","version":"0.1.0","name":"EncounterSubjectGivenSearchParameter","status":"active","date":"2022-10-12T01:19:25+00:00","contact":[{"name":"OpenMRS, Inc.","telecom":[{"system":"url","value":"https://openmrs.org"}]}],"description":"Searches for Encounter based on the patient's given name(s) eg) /ws/fhir2/{release}/Encounter?subject:Patient.given={givenName}","code":"subject.given","base":["Encounter"],"type":"string","target":["OMRSEncounter"]}