{"resourceType":"SearchParameter","id":"patient-address-state","url":"http://fhir.openmrs.org/fhir/SearchParameter/patient-address-state","version":"0.1.0","name":"patientStateSearchParameter","status":"active","date":"2022-12-30T12:43:23+00:00","contact":[{"name":"OpenMRS, Inc.","telecom":[{"system":"url","value":"https://openmrs.org"}]}],"description":"Searches based on the patient's recorded state/province of addresseg) /ws/fhir2/{release}/Patient?address-state={state}","code":"address-state","base":["Patient"],"type":"string","target":["OMRSPatient"]}