{"resourceType":"SearchParameter","id":"condition-requester-identifier","url":"http://fhir.openmrs.org/fhir/SearchParameter/condition-requester-identifier","version":"0.1.0","name":"conditionRequesterIdentifierSearchParameter","status":"active","date":"2022-10-12T01:19:25+00:00","contact":[{"name":"OpenMRS, Inc.","telecom":[{"system":"url","value":"https://openmrs.org"}]}],"description":"Searches for condition by the Practitioner identifier eg) /ws/fhir2/{release}/Condition?requester:Practitioner.identifier={identifier}","code":"requester.identifier","base":["Condition"],"type":"token","target":["OMRSCondition"]}