{"resourceType":"SearchParameter","id":"condition-id","url":"http://fhir.openmrs.org/fhir/SearchParameter/condition-id","version":"0.1.0","name":"conditionIdSearchParameter","status":"active","date":"2022-10-12T01:19:25+00:00","contact":[{"name":"OpenMRS, Inc.","telecom":[{"system":"url","value":"https://openmrs.org"}]}],"description":"Searches for condition based on service Uuid eg) /ws/fhir2/{release}/Condition?_id={uuid}","code":"_id","base":["Condition"],"type":"token","target":["OMRSCondition"]}