{"resourceType":"SearchParameter","id":"MedicationRequest-medication","url":"http://fhir.openmrs.org/fhir/SearchParameter/MedicationRequest-medication","version":"0.1.0","name":"MedicationRequestmedicationSearchParameter","status":"active","date":"2022-10-12T01:19:25+00:00","contact":[{"name":"OpenMRS, Inc.","telecom":[{"system":"url","value":"https://openmrs.org"}]}],"description":"Searches for MedicationRequest by medication reference eg) /ws/fhir2/{release}/MedicationRequest?medication={reference}","code":"medication","base":["MedicationRequest"],"type":"reference","target":["OMRSMedicationRequest"]}