{"resourceType":"SearchParameter","id":"location-tag","text":{"status":"generated","div":"<div xmlns=\"http://www.w3.org/1999/xhtml\"><p class=\"res-header-id\"><b>Generated Narrative: SearchParameter location-tag</b></p><a name=\"location-tag\"> </a><a name=\"hclocation-tag\"> </a><a name=\"location-tag-en-US\"> </a><h2>LocationTagSearchParameter</h2><p>Parameter <code>tag</code>:<code>string</code></p><div><p>Searches based on the tag field for the location record eg) /ws/fhir2/{release}/Location?_tag={tag}</p>\n</div><table class=\"grid\"><tr><td>Resource</td><td><a href=\"http://hl7.org/fhir/R4/location.html\">Location</a></td></tr><tr><td>Expression</td><td>(none)</td></tr><tr><td>Target Resources</td><td><a href=\"http://hl7.org/fhir/R4/location.html\">Location</a></td></tr><tr><td>Multiples</td><td><ul><li>multipleAnd: It's up to the server whether the parameter may repeat in order to specify multiple values that must all be true</li><li>multipleOr: It's up to the server whether the parameter can have multiple values (separated by comma) where at least one must be true</li></ul></td></tr></table></div>"},"url":"http://fhir.openmrs.org/core/SearchParameter/location-tag","version":"0.1.0","name":"LocationTagSearchParameter","status":"active","date":"2024-12-11T17:14:00+00:00","contact":[{"name":"OpenMRS, Inc.","telecom":[{"system":"url","value":"https://openmrs.org"}]}],"description":"Searches based on the tag field for the location record eg) /ws/fhir2/{release}/Location?_tag={tag}","code":"tag","base":["Location"],"type":"string","target":["Location"]}