{"resourceType":"SearchParameter","id":"serviceRequest-requester-name","url":"http://fhir.openmrs.org/fhir/SearchParameter/serviceRequest-requester-name","version":"0.1.0","name":"serviceRequestRequesterNameSearchParameter","status":"active","date":"2022-10-12T01:19:25+00:00","contact":[{"name":"OpenMRS, Inc.","telecom":[{"system":"url","value":"https://openmrs.org"}]}],"description":"Searches for serviceRequest based on the Practitioner's full or partial name eg) /ws/fhir2/{release}/ServiceRequest?requester:Practitioner.name={name}","code":"requester.name","base":["ServiceRequest"],"type":"string","target":["OpenMRSServiceRequest"]}