{"resourceType":"SearchParameter","id":"Practitioner.given","text":{"status":"generated","div":"<div xmlns=\"http://www.w3.org/1999/xhtml\"><h2>PractitionerGivenNameSearchParameter</h2><p>Parameter <code>practitioner.given</code>:<code>string</code></p><div><p>Searches for Practitioner based on the Practitioner's given name(s) eg) /ws/fhir2/{release}/Practitioner?given={givenName}</p>\n</div><table class=\"grid\"><tr><td>Resource</td><td><a href=\"http://hl7.org/fhir/R4/practitioner.html\">Practitioner</a></td></tr><tr><td>Expression</td><td>(none)</td></tr><tr><td>Target Resources</td><td><a href=\"http://hl7.org/fhir/R4/practitioner.html\">Practitioner</a></td></tr><tr><td>Multiples</td><td>The parameter cannot repeat or have multiple values</td></tr></table></div>"},"url":"http://fhir.openmrs.org/fhir/SearchParameter/Practitioner.given","version":"0.1.0","name":"PractitionerGivenNameSearchParameter","status":"active","date":"2023-03-16T12:56:05+00:00","contact":[{"name":"OpenMRS, Inc.","telecom":[{"system":"url","value":"https://openmrs.org"}]}],"description":"Searches for Practitioner based on the Practitioner's given name(s) eg) /ws/fhir2/{release}/Practitioner?given={givenName}","code":"practitioner.given","base":["Practitioner"],"type":"string","target":["Practitioner"]}