{"resourceType":"SearchParameter","id":"relatedperson-address-postalcode","text":{"status":"generated","div":"<div xmlns=\"http://www.w3.org/1999/xhtml\"><p class=\"res-header-id\"><b>Generated Narrative: SearchParameter relatedperson-address-postalcode</b></p><a name=\"relatedperson-address-postalcode\"> </a><a name=\"hcrelatedperson-address-postalcode\"> </a><a name=\"relatedperson-address-postalcode-en-US\"> </a><h2>RelatedPersonPostalCodeSearchParameter</h2><p>Parameter <code>address-postalcode</code>:<code>string</code></p><div><p>Searches for RelatedPerson based on postal code of address</p>\n</div><table class=\"grid\"><tr><td>Resource</td><td><a href=\"http://hl7.org/fhir/R4/relatedperson.html\">RelatedPerson</a></td></tr><tr><td>Expression</td><td>(none)</td></tr><tr><td>Target Resources</td><td><a href=\"http://hl7.org/fhir/R4/relatedperson.html\">RelatedPerson</a></td></tr><tr><td>Multiples</td><td><ul><li>multipleAnd: It's up to the server whether the parameter may repeat in order to specify multiple values that must all be true</li><li>multipleOr: It's up to the server whether the parameter can have multiple values (separated by comma) where at least one must be true</li></ul></td></tr></table></div>"},"url":"http://fhir.openmrs.org/core/SearchParameter/relatedperson-address-postalcode","version":"0.1.0","name":"RelatedPersonPostalCodeSearchParameter","status":"active","date":"2024-12-11T17:14:00+00:00","contact":[{"name":"OpenMRS, Inc.","telecom":[{"system":"url","value":"https://openmrs.org"}]}],"description":"Searches for RelatedPerson based on postal code of address","code":"address-postalcode","base":["RelatedPerson"],"type":"string","target":["RelatedPerson"]}