{"resourceType":"SearchParameter","id":"serviceRequest-id","text":{"status":"generated","div":"<div xmlns=\"http://www.w3.org/1999/xhtml\"><h2>ServiceRequestIdSearchParameter</h2><p>Parameter <code>_id</code>:<code>token</code></p><div><p>Searches for serviceRequest based on service Uuid eg) /ws/fhir2/{release}/ServiceRequest?_id={uuid}</p>\n</div><table class=\"grid\"><tr><td>Resource</td><td><a href=\"http://hl7.org/fhir/R4/servicerequest.html\">ServiceRequest</a></td></tr><tr><td>Expression</td><td>(none)</td></tr><tr><td>Target Resources</td><td><a href=\"http://hl7.org/fhir/R4/servicerequest.html\">ServiceRequest</a></td></tr><tr><td>Multiples</td><td><ul><li>multipleAnd: It's up to the server whether the parameter may repeat in order to specify multiple values that must all be true</li><li>multipleOr: It's up to the server whether the parameter can have multiple values (separated by comma) where at least one must be true</li></ul></td></tr></table></div>"},"url":"http://fhir.openmrs.org/core/SearchParameter/serviceRequest-id","version":"0.1.0","name":"ServiceRequestIdSearchParameter","status":"active","date":"2023-12-08T16:41:46+00:00","contact":[{"name":"OpenMRS, Inc.","telecom":[{"system":"url","value":"https://openmrs.org"}]}],"description":"Searches for serviceRequest based on service Uuid eg) /ws/fhir2/{release}/ServiceRequest?_id={uuid}","code":"_id","base":["ServiceRequest"],"type":"token","target":["ServiceRequest"]}