{"resourceType":"SearchParameter","id":"person-lastUpdated","url":"http://fhir.openmrs.org/fhir/SearchParameter/person-lastUpdated","version":"0.1.0","name":"personLastUpdatedSearchParameter","status":"active","date":"2022-10-12T01:19:25+00:00","contact":[{"name":"OpenMRS, Inc.","telecom":[{"system":"url","value":"https://openmrs.org"}]}],"description":"Searches based on the the dateCreated or dateUpdated field for the person record eg) /ws/fhir2/{release}/Person?_lastUpdated={date-range}","code":"_lastUpdated","base":["Person"],"type":"date","target":["OMRSPerson"]}