{"resourceType":"SearchParameter","id":"condition-requester-name","url":"http://fhir.openmrs.org/fhir/SearchParameter/condition-requester-name","version":"0.1.0","name":"conditionRequesterNameSearchParameter","status":"active","date":"2022-10-12T01:19:25+00:00","contact":[{"name":"OpenMRS, Inc.","telecom":[{"system":"url","value":"https://openmrs.org"}]}],"description":"Searches for condition based on the Practitioner's full or partial name eg) /ws/fhir2/{release}/Condition?requester:Practitioner.name={name}","code":"requester.name","base":["Condition"],"type":"string","target":["OMRSCondition"]}