{"resourceType":"SearchParameter","id":"MedicationRequest-requestor.family","text":{"status":"generated","div":"<div xmlns=\"http://www.w3.org/1999/xhtml\"><p class=\"res-header-id\"><b>Generated Narrative: SearchParameter MedicationRequest-requestor.family</b></p><a name=\"MedicationRequest-requestor.family\"> </a><a name=\"hcMedicationRequest-requestor.family\"> </a><a name=\"MedicationRequest-requestor.family-en-US\"> </a><h2>MedicationRequestRequestorFamilyNameSearchParameter</h2><p>Parameter <code>requestor.family</code>:<code>string</code></p><div><p>Searches for MedicationRequest based on the Practitioner's family name eg) /ws/fhir2/{release}/MedicationRequest?requestor.family={familyName}</p>\n</div><table class=\"grid\"><tr><td>Resource</td><td><a href=\"http://hl7.org/fhir/R4/medicationrequest.html\">MedicationRequest</a></td></tr><tr><td>Expression</td><td>(none)</td></tr><tr><td>Target Resources</td><td><a href=\"http://hl7.org/fhir/R4/medicationrequest.html\">MedicationRequest</a></td></tr><tr><td>Multiples</td><td><ul><li>multipleAnd: It's up to the server whether the parameter may repeat in order to specify multiple values that must all be true</li><li>multipleOr: It's up to the server whether the parameter can have multiple values (separated by comma) where at least one must be true</li></ul></td></tr></table></div>"},"url":"http://fhir.openmrs.org/core/SearchParameter/MedicationRequest-requestor.family","version":"0.1.0","name":"MedicationRequestRequestorFamilyNameSearchParameter","status":"active","date":"2024-12-11T17:14:00+00:00","contact":[{"name":"OpenMRS, Inc.","telecom":[{"system":"url","value":"https://openmrs.org"}]}],"description":"Searches for MedicationRequest based on the Practitioner's family name eg) /ws/fhir2/{release}/MedicationRequest?requestor.family={familyName}","code":"requestor.family","base":["MedicationRequest"],"type":"string","target":["MedicationRequest"]}