{"resourceType":"SearchParameter","id":"person-address-state","url":"http://fhir.openmrs.org/fhir/SearchParameter/person-address-state","version":"0.1.0","name":"personStateSearchParameter","status":"active","date":"2022-10-12T01:19:25+00:00","contact":[{"name":"OpenMRS, Inc.","telecom":[{"system":"url","value":"https://openmrs.org"}]}],"description":"Searches based on the person's recorded state/province of address eg) /ws/fhir2/{release}/Person?address-state={state}","code":"address-state","base":["Person"],"type":"string","target":["OMRSPerson"]}