{"resourceType":"SearchParameter","id":"patient-lastUpdated","text":{"status":"generated","div":"<div xmlns=\"http://www.w3.org/1999/xhtml\"><p class=\"res-header-id\"><b>Generated Narrative: SearchParameter patient-lastUpdated</b></p><a name=\"patient-lastUpdated\"> </a><a name=\"hcpatient-lastUpdated\"> </a><a name=\"patient-lastUpdated-en-US\"> </a><h2>PatientLastUpdatedSearchParameter</h2><p>Parameter <code>_lastUpdated</code>:<code>date</code></p><div><p>Searches based on the the dateCreated or dateUpdated field for the patient record eg) /ws/fhir2/{release}/Patient?_lastUpdated={date-range}</p>\n</div><table class=\"grid\"><tr><td>Resource</td><td><a href=\"http://hl7.org/fhir/R4/patient.html\">Patient</a></td></tr><tr><td>Expression</td><td>(none)</td></tr><tr><td>Target Resources</td><td><a href=\"http://hl7.org/fhir/R4/patient.html\">Patient</a></td></tr><tr><td>Multiples</td><td><ul><li>multipleAnd: It's up to the server whether the parameter may repeat in order to specify multiple values that must all be true</li><li>multipleOr: It's up to the server whether the parameter can have multiple values (separated by comma) where at least one must be true</li></ul></td></tr></table></div>"},"url":"http://fhir.openmrs.org/core/SearchParameter/patient-lastUpdated","version":"0.1.0","name":"PatientLastUpdatedSearchParameter","status":"active","date":"2024-12-11T17:14:00+00:00","contact":[{"name":"OpenMRS, Inc.","telecom":[{"system":"url","value":"https://openmrs.org"}]}],"description":"Searches based on the the dateCreated or dateUpdated field for the patient record eg) /ws/fhir2/{release}/Patient?_lastUpdated={date-range}","code":"_lastUpdated","base":["Patient"],"type":"date","target":["Patient"]}