{"resourceType":"SearchParameter","id":"condition-subject","url":"http://fhir.openmrs.org/fhir/SearchParameter/condition-subject","version":"0.1.0","name":"conditionSubjectSearchParameter","status":"active","date":"2022-12-30T12:43:23+00:00","contact":[{"name":"OpenMRS, Inc.","telecom":[{"system":"url","value":"https://openmrs.org"}]}],"description":"Searches for condition by a given subject eg) /ws/fhir2/{release}/condition?subject:Patient={patientUuid}","code":"subject","base":["Condition"],"type":"reference","target":["OMRSCondition"]}