{"resourceType":"SearchParameter","id":"patient-name","url":"http://fhir.openmrs.org/fhir/SearchParameter/patient-name","version":"0.1.0","name":"PatientNameSearchParameter","status":"active","date":"2022-12-30T12:43:23+00:00","contact":[{"name":"OpenMRS, Inc.","telecom":[{"system":"url","value":"https://openmrs.org"}]}],"description":"Searches for patient based on patient's full or partial name eg) /ws/fhir2/{release}/Patient?name={name}","code":"name","base":["Patient"],"type":"string","target":["OMRSPatient"]}