{"resourceType":"SearchParameter","id":"relatedperson-active","text":{"status":"generated","div":"<div xmlns=\"http://www.w3.org/1999/xhtml\"><p class=\"res-header-id\"><b>Generated Narrative: SearchParameter relatedperson-active</b></p><a name=\"relatedperson-active\"> </a><a name=\"hcrelatedperson-active\"> </a><a name=\"relatedperson-active-en-US\"> </a><h2>RelatedPersonActiveSearchParameter</h2><p>Parameter <code>active</code>:<code>token</code></p><div><p>Indicates if the related person record is active</p>\n</div><table class=\"grid\"><tr><td>Resource</td><td><a href=\"http://hl7.org/fhir/R4/relatedperson.html\">RelatedPerson</a></td></tr><tr><td>Expression</td><td>(none)</td></tr><tr><td>Target Resources</td><td><a href=\"http://hl7.org/fhir/R4/relatedperson.html\">RelatedPerson</a></td></tr><tr><td>Multiples</td><td><ul><li>multipleAnd: It's up to the server whether the parameter may repeat in order to specify multiple values that must all be true</li><li>multipleOr: It's up to the server whether the parameter can have multiple values (separated by comma) where at least one must be true</li></ul></td></tr></table></div>"},"url":"http://fhir.openmrs.org/core/SearchParameter/relatedperson-active","version":"0.1.0","name":"RelatedPersonActiveSearchParameter","status":"active","date":"2024-12-11T17:14:00+00:00","contact":[{"name":"OpenMRS, Inc.","telecom":[{"system":"url","value":"https://openmrs.org"}]}],"description":"Indicates if the related person record is active","code":"active","base":["RelatedPerson"],"type":"token","target":["RelatedPerson"]}