{"resourceType":"SearchParameter","id":"serviceRequest-requester-identifier","url":"http://fhir.openmrs.org/fhir/SearchParameter/serviceRequest-requester-identifier","version":"0.1.0","name":"serviceRequestRequesterIdentifierSearchParameter","status":"active","date":"2022-12-30T12:43:23+00:00","contact":[{"name":"OpenMRS, Inc.","telecom":[{"system":"url","value":"https://openmrs.org"}]}],"description":"Searches for serviceRequest by the Practitioner identifier eg) /ws/fhir2/{release}/ServiceRequest?requester:Practitioner.identifier={identifier}","code":"requester.identifier","base":["ServiceRequest"],"type":"token","target":["OpenMRSServiceRequest"]}