{"resourceType":"SearchParameter","id":"MedicationRequest-medication","text":{"status":"generated","div":"<div xmlns=\"http://www.w3.org/1999/xhtml\"><p class=\"res-header-id\"><b>Generated Narrative: SearchParameter MedicationRequest-medication</b></p><a name=\"MedicationRequest-medication\"> </a><a name=\"hcMedicationRequest-medication\"> </a><a name=\"MedicationRequest-medication-en-US\"> </a><h2>MedicationRequestmedicationSearchParameter</h2><p>Parameter <code>medication</code>:<code>reference</code></p><div><p>Searches for MedicationRequest by medication reference eg) /ws/fhir2/{release}/MedicationRequest?medication={reference}</p>\n</div><table class=\"grid\"><tr><td>Resource</td><td><a href=\"http://hl7.org/fhir/R4/medicationrequest.html\">MedicationRequest</a></td></tr><tr><td>Expression</td><td>(none)</td></tr><tr><td>Target Resources</td><td><a href=\"http://hl7.org/fhir/R4/medicationrequest.html\">MedicationRequest</a></td></tr><tr><td>Multiples</td><td><ul><li>multipleAnd: It's up to the server whether the parameter may repeat in order to specify multiple values that must all be true</li><li>multipleOr: It's up to the server whether the parameter can have multiple values (separated by comma) where at least one must be true</li></ul></td></tr></table></div>"},"url":"http://fhir.openmrs.org/core/SearchParameter/MedicationRequest-medication","version":"0.1.0","name":"MedicationRequestmedicationSearchParameter","status":"active","date":"2024-12-11T17:14:00+00:00","contact":[{"name":"OpenMRS, Inc.","telecom":[{"system":"url","value":"https://openmrs.org"}]}],"description":"Searches for MedicationRequest by medication reference eg) /ws/fhir2/{release}/MedicationRequest?medication={reference}","code":"medication","base":["MedicationRequest"],"type":"reference","target":["MedicationRequest"]}