{"resourceType":"SearchParameter","id":"Encounter-participant.family","url":"http://fhir.openmrs.org/fhir/SearchParameter/Encounter-participant.family","version":"0.1.0","name":"EncounterParticipantFamilyNameSearchParameter","status":"active","date":"2022-12-30T12:43:23+00:00","contact":[{"name":"OpenMRS, Inc.","telecom":[{"system":"url","value":"https://openmrs.org"}]}],"description":"Searches for Encounters based on the Practitioner's family name eg) /ws/fhir2/{release}/Encounter?participant.family={familyName}","code":"participant.family","base":["Encounter"],"type":"string","target":["OMRSEncounter"]}