{"resourceType":"SearchParameter","id":"Practitioner-identifier","text":{"status":"generated","div":"<div xmlns=\"http://www.w3.org/1999/xhtml\"><p class=\"res-header-id\"><b>Generated Narrative: SearchParameter Practitioner-identifier</b></p><a name=\"Practitioner-identifier\"> </a><a name=\"hcPractitioner-identifier\"> </a><a name=\"Practitioner-identifier-en-US\"> </a><h2>PractitionerIdentifierSearchParameter</h2><p>Parameter <code>practitioner.identifier</code>:<code>token</code></p><div><p>Searches for Practitioner by a given Practitioner eg) /ws/fhir2/{release}/Practitioner?identifier={identifier}</p>\n</div><table class=\"grid\"><tr><td>Resource</td><td><a href=\"http://hl7.org/fhir/R4/practitioner.html\">Practitioner</a></td></tr><tr><td>Expression</td><td>(none)</td></tr><tr><td>Target Resources</td><td><a href=\"http://hl7.org/fhir/R4/practitioner.html\">Practitioner</a></td></tr><tr><td>Multiples</td><td><ul><li>multipleAnd: It's up to the server whether the parameter may repeat in order to specify multiple values that must all be true</li><li>multipleOr: It's up to the server whether the parameter can have multiple values (separated by comma) where at least one must be true</li></ul></td></tr></table></div>"},"url":"http://fhir.openmrs.org/core/SearchParameter/Practitioner-identifier","version":"0.1.0","name":"PractitionerIdentifierSearchParameter","status":"active","date":"2024-12-11T17:14:00+00:00","contact":[{"name":"OpenMRS, Inc.","telecom":[{"system":"url","value":"https://openmrs.org"}]}],"description":"Searches for Practitioner by a given Practitioner eg) /ws/fhir2/{release}/Practitioner?identifier={identifier}","code":"practitioner.identifier","base":["Practitioner"],"type":"token","target":["Practitioner"]}