{"resourceType":"SearchParameter","id":"patient-lastUpdated","url":"http://fhir.openmrs.org/fhir/SearchParameter/patient-lastUpdated","version":"0.1.0","name":"patientLastUpdatedSearchParameter","status":"active","date":"2022-10-12T01:19:25+00:00","contact":[{"name":"OpenMRS, Inc.","telecom":[{"system":"url","value":"https://openmrs.org"}]}],"description":"Searches based on the the dateCreated or dateUpdated field for the patient record eg) /ws/fhir2/{release}/Patient?_lastUpdated={date-range}","code":"_lastUpdated","base":["Patient"],"type":"date","target":["OMRSPatient"]}