{"resourceType":"SearchParameter","id":"Encounter-participant.given","url":"http://fhir.openmrs.org/fhir/SearchParameter/Encounter-participant.given","version":"0.1.0","name":"EncounterParticipantGivenNameSearchParameter","status":"active","date":"2022-10-12T01:19:25+00:00","contact":[{"name":"OpenMRS, Inc.","telecom":[{"system":"url","value":"https://openmrs.org"}]}],"description":"Searches for Encounters based on the Practitioner's given name(s) eg) /ws/fhir2/{release}/Encounter?participant.given={givenName}","code":"participant.given","base":["Encounter"],"type":"string","target":["OMRSEncounter"]}