{"resourceType":"SearchParameter","id":"Encounter-patient","url":"http://fhir.openmrs.org/fhir/SearchParameter/Encounter-patient","version":"0.1.0","name":"EncounterPatientSearchParameter","status":"active","date":"2022-12-30T12:43:23+00:00","contact":[{"name":"OpenMRS, Inc.","telecom":[{"system":"url","value":"https://openmrs.org"}]}],"description":"Searches for Encounters by a given patient eg) /ws/fhir2/{release}/Encounter?patient={patientUuid}","code":"patient","base":["Encounter"],"type":"reference","target":["OMRSEncounter"]}