{"resourceType":"SearchParameter","id":"Encounter-address-country","text":{"status":"generated","div":"<div xmlns=\"http://www.w3.org/1999/xhtml\"><h2>EncounterCountrySearchParameter</h2><p>Parameter <code>address-country</code>:<code>string</code></p><div><p>Searches based on the address-country field for the Encounter record eg) /ws/fhir2/{release}/Encounter?address-country={country}</p>\n</div><table class=\"grid\"><tr><td>Resource</td><td><a href=\"http://hl7.org/fhir/R4/encounter.html\">Encounter</a></td></tr><tr><td>Expression</td><td>(none)</td></tr><tr><td>Target Resources</td><td><a href=\"http://hl7.org/fhir/R4/encounter.html\">Encounter</a></td></tr><tr><td>Multiples</td><td><ul><li>multipleAnd: It's up to the server whether the parameter may repeat in order to specify multiple values that must all be true</li><li>multipleOr: It's up to the server whether the parameter can have multiple values (separated by comma) where at least one must be true</li></ul></td></tr></table></div>"},"url":"http://fhir.openmrs.org/core/SearchParameter/Encounter-address-country","version":"0.1.0","name":"EncounterCountrySearchParameter","status":"active","date":"2023-12-08T16:41:46+00:00","contact":[{"name":"OpenMRS, Inc.","telecom":[{"system":"url","value":"https://openmrs.org"}]}],"description":"Searches based on the address-country field for the Encounter record eg) /ws/fhir2/{release}/Encounter?address-country={country}","code":"address-country","base":["Encounter"],"type":"string","target":["Encounter"]}