{"resourceType":"SearchParameter","id":"MedicationRequest-patient","url":"http://fhir.openmrs.org/fhir/SearchParameter/MedicationRequest-patient","version":"0.1.0","name":"MedicationRequestPatientSearchParameter","status":"active","date":"2022-12-30T12:43:23+00:00","contact":[{"name":"OpenMRS, Inc.","telecom":[{"system":"url","value":"https://openmrs.org"}]}],"description":"Searches for MedicationRequest by a given patient eg) /ws/fhir2/{release}/MedicationRequest?patient={patientUuid}","code":"patient","base":["MedicationRequest"],"type":"reference","target":["OMRSMedicationRequest"]}