{"resourceType":"SearchParameter","id":"patient-id","url":"http://fhir.openmrs.org/fhir/SearchParameter/patient-id","version":"0.1.0","name":"patientIdSearchParameter","status":"active","date":"2022-12-30T12:43:23+00:00","contact":[{"name":"OpenMRS, Inc.","telecom":[{"system":"url","value":"https://openmrs.org"}]}],"description":"Searches based on the exact UUID of the patient record eg} /ws/fhir2/{release}/Patient?_id={uuid}","code":"_id","base":["Patient"],"type":"token","target":["OMRSPatient"]}