{"resourceType":"SearchParameter","id":"serviceRequest-patient.name","url":"http://fhir.openmrs.org/fhir/SearchParameter/serviceRequest-patient.name","version":"0.1.0","name":"serviceRequestPatientNameSearchParameter","status":"active","date":"2022-12-30T12:43:23+00:00","contact":[{"name":"OpenMRS, Inc.","telecom":[{"system":"url","value":"https://openmrs.org"}]}],"description":"Searches for serviceRequest based on the patient's full or partial name eg) /ws/fhir2/{release}/ServiceRequest?patient.name={name}","code":"patient.name","base":["ServiceRequest"],"type":"string","target":["OpenMRSServiceRequest"]}