{"resourceType":"SearchParameter","id":"patient-gender","url":"http://fhir.openmrs.org/fhir/SearchParameter/patient-gender","version":"0.1.0","name":"patientGenderSearchParameter","status":"active","date":"2022-10-12T01:19:25+00:00","contact":[{"name":"OpenMRS, Inc.","telecom":[{"system":"url","value":"https://openmrs.org"}]}],"description":"Searches based on the gender of the patient. Note that this value must be from the AdministrativeGender valueset eg) /ws/fhir2/{release}/Patient?gender={gender}","code":"gender","base":["Patient"],"type":"token","target":["OMRSPatient"]}