{"resourceType":"SearchParameter","id":"patient-birthdate","url":"http://fhir.openmrs.org/fhir/SearchParameter/patient-birthdate","version":"0.1.0","name":"patientBirthdateSearchParameter","status":"active","date":"2022-12-30T12:43:23+00:00","contact":[{"name":"OpenMRS, Inc.","telecom":[{"system":"url","value":"https://openmrs.org"}]}],"description":"Searches based on the patient's birthdate eg) /ws/fhir2/{release}/Patient?birthdate={date}","code":"birthdate","base":["Patient"],"type":"date","target":["OMRSPatient"]}