{"resourceType":"SearchParameter","id":"location-lastUpdated","url":"http://fhir.openmrs.org/fhir/SearchParameter/location-lastUpdated","version":"0.1.0","name":"LocationLastUpdatedSearchParameter","status":"active","date":"2022-10-12T01:19:25+00:00","contact":[{"name":"OpenMRS, Inc.","telecom":[{"system":"url","value":"https://openmrs.org"}]}],"description":"Searches based on the location lastUpdated field for the location record eg) /ws/fhir2/{release}/Location?_lastUpdated={date}","code":"_lastUpdated","base":["Location"],"type":"date","target":["OMRSLocation"]}