{"resourceType":"SearchParameter","id":"serviceRequest-requester-given","url":"http://fhir.openmrs.org/fhir/SearchParameter/serviceRequest-requester-given","version":"0.1.0","name":"serviceRequestRequesterGivenSearchParameter","status":"active","date":"2022-10-12T01:19:25+00:00","contact":[{"name":"OpenMRS, Inc.","telecom":[{"system":"url","value":"https://openmrs.org"}]}],"description":"Searches for serviceRequest based on the Practitioner's given name(s) eg) /ws/fhir2/{release}/ServiceRequest?requester:Practitioner.given={givenName}","code":"requester.given","base":["ServiceRequest"],"type":"string","target":["OpenMRSServiceRequest"]}