{"resourceType":"SearchParameter","id":"MedicationRequest-subject-identifier","url":"http://fhir.openmrs.org/fhir/SearchParameter/MedicationRequest-subject-identifier","version":"0.1.0","name":"MedicationRequestSubjectIdentifierSearchParameter","status":"active","date":"2022-10-12T01:19:25+00:00","contact":[{"name":"OpenMRS, Inc.","telecom":[{"system":"url","value":"https://openmrs.org"}]}],"description":"Searches for MedicationRequest by the patient identifier eg) /ws/fhir2/{release}/MedicationRequest?subject:Patient.identifier={identifier}","code":"subject.identifier","base":["MedicationRequest"],"type":"token","target":["OMRSMedicationRequest"]}