{"resourceType":"SearchParameter","id":"Encounter-address-postalcode","text":{"status":"generated","div":"<div xmlns=\"http://www.w3.org/1999/xhtml\"><h2>EncounterPostalCodeSearchParameter</h2><p>Parameter <code>address-postalcode</code>:<code>string</code></p><div><p>Searches based on the address-postalcode field for the Encounter record eg) /ws/fhir2/{release}/Encounter?address-postalcode={postalCode}</p>\n</div><table class=\"grid\"><tr><td>Resource</td><td><a href=\"http://hl7.org/fhir/R4/encounter.html\">Encounter</a></td></tr><tr><td>Expression</td><td>(none)</td></tr><tr><td>Target Resources</td><td><a href=\"http://hl7.org/fhir/R4/encounter.html\">Encounter</a></td></tr><tr><td>Multiples</td><td>The parameter cannot repeat or have multiple values</td></tr></table></div>"},"url":"http://fhir.openmrs.org/fhir/SearchParameter/Encounter-address-postalcode","version":"0.1.0","name":"EncounterPostalCodeSearchParameter","status":"active","date":"2023-03-16T12:56:05+00:00","contact":[{"name":"OpenMRS, Inc.","telecom":[{"system":"url","value":"https://openmrs.org"}]}],"description":"Searches based on the address-postalcode field for the Encounter record eg) /ws/fhir2/{release}/Encounter?address-postalcode={postalCode}","code":"address-postalcode","base":["Encounter"],"type":"string","target":["Encounter"]}