{"resourceType":"SearchParameter","id":"person-birthdate","url":"http://fhir.openmrs.org/fhir/SearchParameter/person-birthdate","version":"0.1.0","name":"personBirthdateSearchParameter","status":"active","date":"2022-10-12T01:19:25+00:00","contact":[{"name":"OpenMRS, Inc.","telecom":[{"system":"url","value":"https://openmrs.org"}]}],"description":"Searches based on the person's birthdate eg) /ws/fhir2/{release}/Person?birthdate={date}","code":"birthdate","base":["Person"],"type":"date","target":["OMRSPerson"]}