{"resourceType":"SearchParameter","id":"MedicationRequest-patient.name","url":"http://fhir.openmrs.org/fhir/SearchParameter/MedicationRequest-patient.name","version":"0.1.0","name":"MedicationRequestPatientNameSearchParameter","status":"active","date":"2022-12-30T12:43:23+00:00","contact":[{"name":"OpenMRS, Inc.","telecom":[{"system":"url","value":"https://openmrs.org"}]}],"description":"Searches for MedicationRequest based on the patient's full or partial name eg) /ws/fhir2/{release}/MedicationRequest?patient.name={name}","code":"patient.name","base":["MedicationRequest"],"type":"string","target":["OMRSMedicationRequest"]}