{"resourceType":"SearchParameter","id":"condition-lastUpdated","url":"http://fhir.openmrs.org/fhir/SearchParameter/condition-lastUpdated","version":"0.1.0","name":"conditionLastUpdatedSearchParameter","status":"active","date":"2022-12-30T12:43:23+00:00","contact":[{"name":"OpenMRS, Inc.","telecom":[{"system":"url","value":"https://openmrs.org"}]}],"description":"Searches for condition based on service lastUpdated field eg) /openmrs/ws/fhir2/{release}/Condition?_lastUpdated={date}","code":"_lastUpdated","base":["Condition"],"type":"date","target":["OMRSCondition"]}