{"resourceType":"SearchParameter","id":"condition-requester","url":"http://fhir.openmrs.org/fhir/SearchParameter/condition-requester","version":"0.1.0","name":"conditionSearchParameter","status":"active","date":"2022-12-30T12:43:23+00:00","contact":[{"name":"OpenMRS, Inc.","telecom":[{"system":"url","value":"https://openmrs.org"}]}],"description":"Searches for condition by Practitioner uuid who requested the service eg) /ws/fhir2/{release}/Condition?requester:Practitioner={uuid}","code":"requester","base":["Condition"],"type":"reference","target":["OMRSCondition"]}