{"resourceType":"SearchParameter","id":"Encounter-lastUpdated","url":"http://fhir.openmrs.org/fhir/SearchParameter/Encounter-lastUpdated","version":"0.1.0","name":"EncounterLastUpdatedSearchParameter","status":"active","date":"2022-12-30T12:43:23+00:00","contact":[{"name":"OpenMRS, Inc.","telecom":[{"system":"url","value":"https://openmrs.org"}]}],"description":"Searches based on the Encounter lastUpdated field for the Encounter record eg) /ws/fhir2/{release}/Encounter?_lastUpdated={date}","code":"_lastUpdated","base":["Encounter"],"type":"date","target":["OMRSEncounter"]}