{"resourceType":"SearchParameter","id":"location-address-city","url":"http://fhir.openmrs.org/fhir/SearchParameter/location-address-city","version":"0.1.0","name":"LocationCitySearchParameter","status":"active","date":"2022-10-12T01:19:25+00:00","contact":[{"name":"OpenMRS, Inc.","telecom":[{"system":"url","value":"https://openmrs.org"}]}],"description":"Searches based on the address-city field for the location record eg) /ws/fhir2/{release}/Location?address-city={city}","code":"address-city","base":["Location"],"type":"string","target":["OMRSLocation"]}