{"resourceType":"SearchParameter","id":"serviceRequest-occurrence","url":"http://fhir.openmrs.org/fhir/SearchParameter/serviceRequest-occurrence","version":"0.1.0","name":"serviceRequestOccurrenceSearchParameter","status":"active","date":"2022-10-12T01:19:25+00:00","contact":[{"name":"OpenMRS, Inc.","telecom":[{"system":"url","value":"https://openmrs.org"}]}],"description":"Searches for serviceRequest based on to occurrent date eg) /ws/fhir2/{release}/ServiceRequest?occurrence={date}","code":"occurrence","base":["ServiceRequest"],"type":"date","target":["OpenMRSServiceRequest"]}