{"resourceType":"SearchParameter","id":"serviceRequest-code","url":"http://fhir.openmrs.org/fhir/SearchParameter/serviceRequest-code","version":"0.1.0","name":"serviceRequestCodeSearchParameter","status":"active","date":"2022-10-12T01:19:25+00:00","contact":[{"name":"OpenMRS, Inc.","telecom":[{"system":"url","value":"https://openmrs.org"}]}],"description":"Searches for serviceRequest based on the serviceRequest concept code eg) /ws/fhir2/{release}/ServiceRequest?code={code}","code":"code","base":["ServiceRequest"],"type":"token","target":["OpenMRSServiceRequest"]}