{"resourceType":"SearchParameter","id":"serviceRequest-patient-identifier","url":"http://fhir.openmrs.org/fhir/SearchParameter/serviceRequest-patient-identifier","version":"0.1.0","name":"serviceRequestPatientIdentifierSearchParameter","status":"active","date":"2022-10-12T01:19:25+00:00","contact":[{"name":"OpenMRS, Inc.","telecom":[{"system":"url","value":"https://openmrs.org"}]}],"description":"Searches for ServiceRequest by the patient identifier eg) /ws/fhir2/{release}/ServiceRequest?patient.identifier={identifier}","code":"patient.identifier","base":["ServiceRequest"],"type":"token","target":["OpenMRSServiceRequest"]}