{"resourceType":"SearchParameter","id":"Encounter-address-country","url":"http://fhir.openmrs.org/fhir/SearchParameter/Encounter-address-country","version":"0.1.0","name":"EncounterCountrySearchParameter","status":"active","date":"2022-12-30T12:43:23+00:00","contact":[{"name":"OpenMRS, Inc.","telecom":[{"system":"url","value":"https://openmrs.org"}]}],"description":"Searches based on the address-country field for the Encounter record eg) /ws/fhir2/{release}/Encounter?address-country={country}","code":"address-country","base":["Encounter"],"type":"string","target":["OMRSEncounter"]}