{"resourceType":"SearchParameter","id":"MedicationRequest-subject","url":"http://fhir.openmrs.org/fhir/SearchParameter/MedicationRequest-subject","version":"0.1.0","name":"MedicationRequestSubjectSearchParameter","status":"active","date":"2022-10-12T01:19:25+00:00","contact":[{"name":"OpenMRS, Inc.","telecom":[{"system":"url","value":"https://openmrs.org"}]}],"description":"Searches for MedicationRequest by a given subject eg) /ws/fhir2/{release}/MedicationRequest?subject:Patient={patientUuid} ","code":"subject","base":["MedicationRequest"],"type":"reference","target":["OMRSMedicationRequest"]}