{"resourceType":"SearchParameter","id":"person-address-city","url":"http://fhir.openmrs.org/fhir/SearchParameter/person-address-city","version":"0.1.0","name":"personCitySearchParameter","status":"active","date":"2022-10-12T01:19:25+00:00","contact":[{"name":"OpenMRS, Inc.","telecom":[{"system":"url","value":"https://openmrs.org"}]}],"description":"Searches based on the person's recorded city/village of address eg) /ws/fhir2/{release}/Person?address-city={city}","code":"address-city","base":["Person"],"type":"string","target":["OMRSPerson"]}