{"resourceType":"SearchParameter","id":"location-address-postalcode","url":"http://fhir.openmrs.org/fhir/SearchParameter/location-address-postalcode","version":"0.1.0","name":"LocationPostalCodeSearchParameter","status":"active","date":"2022-12-30T12:43:23+00:00","contact":[{"name":"OpenMRS, Inc.","telecom":[{"system":"url","value":"https://openmrs.org"}]}],"description":"Searches based on the address-postalcode field for the location record eg) /ws/fhir2/{release}/Location?address-postalcode={postalCode}","code":"address-postalcode","base":["Location"],"type":"string","target":["OMRSLocation"]}