{"resourceType":"SearchParameter","id":"location-partof-name","url":"http://fhir.openmrs.org/fhir/SearchParameter/location-partof-name","version":"0.1.0","name":"LocationPartOfNameSearchParameter","status":"active","date":"2022-12-30T12:43:23+00:00","contact":[{"name":"OpenMRS, Inc.","telecom":[{"system":"url","value":"https://openmrs.org"}]}],"description":"Searches based on the partof location reference name field for the location record eg) /ws/fhir2/{release}/Location?partof.name={name}","code":"partOf-name","base":["Location"],"type":"reference","target":["OMRSLocation"]}