{"resourceType":"SearchParameter","id":"observation-patient.name","text":{"status":"generated","div":"<div xmlns=\"http://www.w3.org/1999/xhtml\"><h2>observationPatientNameSearchParameter</h2><p>Parameter <code>patient.name</code>:<code>string</code></p><div><p>Searches for observations based on the patient's full or partial name eg) /ws/fhir2/{release}/Observation?patient.name={name}</p>\n</div><table class=\"grid\"><tr><td>Resource</td><td><a href=\"http://hl7.org/fhir/R4/observation.html\">Observation</a></td></tr><tr><td>Expression</td><td>(none)</td></tr><tr><td>Target Resources</td><td><a href=\"http://hl7.org/fhir/R4/observation.html\">Observation</a></td></tr><tr><td>Multiples</td><td>The parameter cannot repeat or have multiple values</td></tr></table></div>"},"url":"http://fhir.openmrs.org/fhir/SearchParameter/observation-patient.name","version":"0.1.0","name":"observationPatientNameSearchParameter","status":"active","date":"2023-03-16T12:56:05+00:00","contact":[{"name":"OpenMRS, Inc.","telecom":[{"system":"url","value":"https://openmrs.org"}]}],"description":"Searches for observations based on the patient's full or partial name eg) /ws/fhir2/{release}/Observation?patient.name={name}","code":"patient.name","base":["Observation"],"type":"string","target":["Observation"]}