{"resourceType":"SearchParameter","id":"Encounter-participant.name","url":"http://fhir.openmrs.org/fhir/SearchParameter/Encounter-participant.name","version":"0.1.0","name":"EncounterParticipantNameSearchParameter","status":"active","date":"2022-10-12T01:19:25+00:00","contact":[{"name":"OpenMRS, Inc.","telecom":[{"system":"url","value":"https://openmrs.org"}]}],"description":"Searches for Encounters based on the Practitioner's full or partial name eg) /ws/fhir2/{release}/Encounter?participant.name={name}","code":"participant.name","base":["Encounter"],"type":"string","target":["OMRSEncounter"]}