{"resourceType":"SearchParameter","id":"condition-subject-given","url":"http://fhir.openmrs.org/fhir/SearchParameter/condition-subject-given","version":"0.1.0","name":"conditionSubjectGivenSearchParameter","status":"active","date":"2022-10-12T01:19:25+00:00","contact":[{"name":"OpenMRS, Inc.","telecom":[{"system":"url","value":"https://openmrs.org"}]}],"description":"Searches for condition based on the patient's given name(s) eg) /ws/fhir2/{release}/Condition?subject:Patient.given={givenName}","code":"subject.given","base":["Condition"],"type":"string","target":["OMRSCondition"]}