{"resourceType":"SearchParameter","id":"observation-value-concept","text":{"status":"generated","div":"<div xmlns=\"http://www.w3.org/1999/xhtml\"><p class=\"res-header-id\"><b>Generated Narrative: SearchParameter observation-value-concept</b></p><a name=\"observation-value-concept\"> </a><a name=\"hcobservation-value-concept\"> </a><a name=\"observation-value-concept-en-US\"> </a><h2>ObservationValueConceptSearchParameter</h2><p>Parameter <code>value-concept</code>:<code>token</code></p><div><p>Searches for an observation whose value is a concept that matches the provided concept code eg) /ws/fhir2/{release}/Observation?value-concept={concept}</p>\n</div><table class=\"grid\"><tr><td>Resource</td><td><a href=\"http://hl7.org/fhir/R4/observation.html\">Observation</a></td></tr><tr><td>Expression</td><td>(none)</td></tr><tr><td>Target Resources</td><td><a href=\"http://hl7.org/fhir/R4/observation.html\">Observation</a></td></tr><tr><td>Multiples</td><td><ul><li>multipleAnd: It's up to the server whether the parameter may repeat in order to specify multiple values that must all be true</li><li>multipleOr: It's up to the server whether the parameter can have multiple values (separated by comma) where at least one must be true</li></ul></td></tr></table></div>"},"url":"http://fhir.openmrs.org/core/SearchParameter/observation-value-concept","version":"0.1.0","name":"ObservationValueConceptSearchParameter","status":"active","date":"2024-12-11T17:14:00+00:00","contact":[{"name":"OpenMRS, Inc.","telecom":[{"system":"url","value":"https://openmrs.org"}]}],"description":"Searches for an observation whose value is a concept that matches the provided concept code eg) /ws/fhir2/{release}/Observation?value-concept={concept}","code":"value-concept","base":["Observation"],"type":"token","target":["Observation"]}