{"resourceType":"SearchParameter","id":"MedicationRequest-requestor.name","url":"http://fhir.openmrs.org/fhir/SearchParameter/MedicationRequest-requestor.name","version":"0.1.0","name":"MedicationRequestRequestorNameSearchParameter","status":"active","date":"2022-10-12T01:19:25+00:00","contact":[{"name":"OpenMRS, Inc.","telecom":[{"system":"url","value":"https://openmrs.org"}]}],"description":"Searches for MedicationRequest based on the Practitioner's full or partial name eg) /ws/fhir2/{release}/MedicationRequest?requestor.name={name}","code":"requestor.name","base":["MedicationRequest"],"type":"string","target":["OMRSMedicationRequest"]}