{"resourceType":"SearchParameter","id":"location-address-country","url":"http://fhir.openmrs.org/fhir/SearchParameter/location-address-country","version":"0.1.0","name":"LocationCountrySearchParameter","status":"active","date":"2022-12-30T12:43:23+00:00","contact":[{"name":"OpenMRS, Inc.","telecom":[{"system":"url","value":"https://openmrs.org"}]}],"description":"Searches based on the address-country field for the location record eg) /ws/fhir2/{release}/Location?address-country={country}","code":"address-country","base":["Location"],"type":"string","target":["OMRSLocation"]}