{"resourceType":"SearchParameter","id":"patient-address-city","url":"http://fhir.openmrs.org/fhir/SearchParameter/patient-address-city","version":"0.1.0","name":"patientCitySearchParameter","status":"active","date":"2022-12-30T12:43:23+00:00","contact":[{"name":"OpenMRS, Inc.","telecom":[{"system":"url","value":"https://openmrs.org"}]}],"description":"Searches based on the patient's recorded city/village of address eg) /ws/fhir2/{release}/Patient?address-city={city}","code":"address-city","base":["Patient"],"type":"string","target":["OMRSPatient"]}