{"resourceType":"SearchParameter","id":"relatedperson-name","text":{"status":"generated","div":"<div xmlns=\"http://www.w3.org/1999/xhtml\"><p class=\"res-header-id\"><b>Generated Narrative: SearchParameter relatedperson-name</b></p><a name=\"relatedperson-name\"> </a><a name=\"hcrelatedperson-name\"> </a><a name=\"relatedperson-name-en-US\"> </a><h2>RelatedPersonNameSearchParameter</h2><p>Parameter <code>name</code>:<code>string</code></p><div><p>Searches for RelatedPerson based on name</p>\n</div><table class=\"grid\"><tr><td>Resource</td><td><a href=\"http://hl7.org/fhir/R4/relatedperson.html\">RelatedPerson</a></td></tr><tr><td>Expression</td><td>(none)</td></tr><tr><td>Target Resources</td><td><a href=\"http://hl7.org/fhir/R4/relatedperson.html\">RelatedPerson</a></td></tr><tr><td>Multiples</td><td><ul><li>multipleAnd: It's up to the server whether the parameter may repeat in order to specify multiple values that must all be true</li><li>multipleOr: It's up to the server whether the parameter can have multiple values (separated by comma) where at least one must be true</li></ul></td></tr></table></div>"},"url":"http://fhir.openmrs.org/core/SearchParameter/relatedperson-name","version":"0.1.0","name":"RelatedPersonNameSearchParameter","status":"active","date":"2024-12-11T17:14:00+00:00","contact":[{"name":"OpenMRS, Inc.","telecom":[{"system":"url","value":"https://openmrs.org"}]}],"description":"Searches for RelatedPerson based on name","code":"name","base":["RelatedPerson"],"type":"string","target":["RelatedPerson"]}