{"resourceType":"SearchParameter","id":"location-address-state","url":"http://fhir.openmrs.org/fhir/SearchParameter/location-address-state","version":"0.1.0","name":"LocationStateSearchParameter","status":"active","date":"2022-12-30T12:43:23+00:00","contact":[{"name":"OpenMRS, Inc.","telecom":[{"system":"url","value":"https://openmrs.org"}]}],"description":"Searches based on the address-state field for the location record eg) /ws/fhir2/{release}/Location?address-state={state}","code":"address-state","base":["Location"],"type":"string","target":["OMRSLocation"]}