{"resourceType":"SearchParameter","id":"MedicationRequest-requestor","url":"http://fhir.openmrs.org/fhir/SearchParameter/MedicationRequest-requestor","version":"0.1.0","name":"MedicationRequestRequestorSearchParameter","status":"active","date":"2022-10-12T01:19:25+00:00","contact":[{"name":"OpenMRS, Inc.","telecom":[{"system":"url","value":"https://openmrs.org"}]}],"description":"Searches for MedicationRequest by a given Practitioner Reference uuid eg) /ws/fhir2/{release}/MedicationRequest?requestor={Uuid}","code":"requestor","base":["MedicationRequest"],"type":"reference","target":["OMRSMedicationRequest"]}