{"resourceType":"ValueSet","id":"medication-request-intent-vs","text":{"status":"generated","div":"<div xmlns=\"http://www.w3.org/1999/xhtml\"><ul><li>Include these codes as defined in <code>http://fhir.openmrs.org/fhir/CodeSystem/medicationrequest-intent</code><table class=\"none\"><tr><td style=\"white-space:nowrap\"><b>Code</b></td><td><b>Display</b></td></tr><tr><td>proposal</td><td>Proposal</td></tr><tr><td>plan</td><td>Plan</td></tr><tr><td>order</td><td>Order</td></tr><tr><td>original-order</td><td>Original Order</td></tr><tr><td>reflex-order</td><td>Reflex Order</td></tr><tr><td>filler-order</td><td>Filler Order</td></tr><tr><td>instance-order</td><td>Instance Order</td></tr><tr><td>option</td><td>Option</td></tr></table></li></ul></div>"},"url":"http://fhir.openmrs.org/fhir/ValueSet/medication-request-intent-vs","version":"0.1.0","name":"MedicationRequestIntentVs","title":"Medication Request Intent Vs","status":"active","date":"2022-12-30T12:43:23+00:00","contact":[{"name":"OpenMRS, Inc.","telecom":[{"system":"url","value":"https://openmrs.org"}]}],"description":"Medication Request Intent ValueSet","compose":{"include":[{"system":"http://fhir.openmrs.org/fhir/CodeSystem/medicationrequest-intent","concept":[{"code":"proposal","display":"Proposal"},{"code":"plan","display":"Plan"},{"code":"order","display":"Order"},{"code":"original-order","display":"Original Order"},{"code":"reflex-order","display":"Reflex Order"},{"code":"filler-order","display":"Filler Order"},{"code":"instance-order","display":"Instance Order"},{"code":"option","display":"Option"}]}]}}