<?xml version="1.0" encoding="UTF-8"?>

<Condition xmlns="http://hl7.org/fhir">
  <id value="a6867095-e2b1-4a68-9aaa-0d161a37ce9c"/>
  <meta>
    <profile value="http://fhir.openmrs.org/fhir/StructureDefinition/omrs-Condition"/>
  </meta>
  <text>
    <status value="generated"/><div xmlns="http://www.w3.org/1999/xhtml"><p><b>Generated Narrative: Condition</b><a name="a6867095-e2b1-4a68-9aaa-0d161a37ce9c"> </a></p><div style="display: inline-block; background-color: #d9e0e7; padding: 6px; margin: 4px; border: 1px solid #8da1b4; border-radius: 5px; line-height: 60%"><p style="margin-bottom: 0px">Resource Condition &quot;a6867095-e2b1-4a68-9aaa-0d161a37ce9c&quot; </p><p style="margin-bottom: 0px">Profile: <a href="StructureDefinition-omrs-Condition.html">OpenMRS condition</a></p></div><p><b>code</b>: 116128 <span style="background: LightGoldenRodYellow; margin: 4px; border: 1px solid khaki"> (CIEL#116128)</span></p><p><b>subject</b>: <a href="&quot;Patient/da7f524f-27ce-4bb2-86d6-6d1d05312bd5&quot;">&quot;Patient/da7f524f-27ce-4bb2-86d6-6d1d05312bd5&quot;: Horatio Hornblower (OpenMRS ID:101-6)</a></p><p><b>recordedDate</b>: 2019-06-18 06:37:26+0300</p></div>
  </text>
  <code>
    <coding>
      <system value="https://openconceptlab.org/orgs/CIEL/sources/CIEL"/>
      <code value="116128"/>
    </coding>
  </code>
  <subject>
    <reference value="&quot;Patient/da7f524f-27ce-4bb2-86d6-6d1d05312bd5&quot;"/>
    <type value="Patient"/>
    <identifier>
      <use value="official"/>
      <value value="101-6"/>
    </identifier>
    <display value="Horatio Hornblower (OpenMRS ID:101-6)"/>
  </subject>
  <recordedDate value="2019-06-18T06:37:26+03:00"/>
</Condition>