<?xml version="1.0" encoding="UTF-8"?>

<Observation xmlns="http://hl7.org/fhir">
  <id value="example-openmrs-Observation"/>
  <meta>
    <profile value="http://fhir.openmrs.org/core/StructureDefinition/OpenMRS-observation"/>
  </meta>
  <text>
    <status value="generated"/><div xmlns="http://www.w3.org/1999/xhtml"><p><b>Generated Narrative: Observation</b><a name="example-openmrs-Observation"> </a></p><div style="display: inline-block; background-color: #d9e0e7; padding: 6px; margin: 4px; border: 1px solid #8da1b4; border-radius: 5px; line-height: 60%"><p style="margin-bottom: 0px">Resource Observation &quot;example-openmrs-Observation&quot; </p><p style="margin-bottom: 0px">Profile: <a href="StructureDefinition-OpenMRS-observation.html">OpenMRS Observation</a></p></div><p><b>status</b>: final</p><p><b>category</b>: Exam <span style="background: LightGoldenRodYellow; margin: 4px; border: 1px solid khaki"> (<a href="http://terminology.hl7.org/5.3.0/CodeSystem-observation-category.html">Observation Category Codes</a>#exam)</span></p><p><b>code</b>: Arterial blood oxygen saturation (pulse oximeter) <span style="background: LightGoldenRodYellow; margin: 4px; border: 1px solid khaki"> (<a href="https://browser.ihtsdotools.org/">SNOMED CT</a>#431314004 &quot;SpO2 - saturation of peripheral oxygen&quot;)</span></p><p><b>subject</b>: <a href="Patient-example-openmrs-Patient.html">Patient/example-openmrs-Patient</a> &quot; JEANNETTE&quot;</p><p><b>encounter</b>: <a href="Encounter-5b829d01-34bb-47d1-b1bb-9303c3a9ebcb.html">Encounter/5b829d01-34bb-47d1-b1bb-9303c3a9ebcb</a></p><p><b>value</b>: 25 DEG C</p><p><b>interpretation</b>: High <span style="background: LightGoldenRodYellow; margin: 4px; border: 1px solid khaki"> (<a href="http://terminology.hl7.org/5.3.0/CodeSystem-v3-ObservationInterpretation.html">ObservationInterpretation</a>#H)</span></p><h3>ReferenceRanges</h3><table class="grid"><tr><td style="display: none">-</td><td><b>Low</b></td><td><b>High</b></td><td><b>Type</b></td></tr><tr><td style="display: none">*</td><td>10</td><td>272</td><td>absolute <span style="background: LightGoldenRodYellow; margin: 4px; border: 1px solid khaki"> (reference-range#absolute)</span></td></tr></table></div>
  </text>
  <status value="final"/>
  <category>
    <coding>
      <system value="http://terminology.hl7.org/CodeSystem/observation-category"/>
      <code value="exam"/>
    </coding>
  </category>
  <code>
    <coding>
      <system value="http://snomed.info/sct"/>
      <code value="431314004"/>
      <display value="SpO2 - saturation of peripheral oxygen"/>
    </coding>
    <text value="Arterial blood oxygen saturation (pulse oximeter)"/>
  </code>
  <subject>
    <reference value="Patient/example-openmrs-Patient"/>
  </subject>
  <encounter>
    <reference value="Encounter/5b829d01-34bb-47d1-b1bb-9303c3a9ebcb"/>
  </encounter>
  <valueQuantity>
    <value value="25"/>
    <unit value="DEG C"/>
  </valueQuantity>
  <interpretation>
    <coding>
      <system value="http://terminology.hl7.org/CodeSystem/v3-ObservationInterpretation"/>
      <code value="H"/>
      <display value="High"/>
    </coding>
  </interpretation>
  <referenceRange>
    <low>
      <value value="10"/>
    </low>
    <high>
      <value value="272"/>
    </high>
    <type>
      <coding>
        <system value="http://fhir.openmrs.org/ext/obs/reference-range"/>
        <code value="absolute"/>
      </coding>
    </type>
  </referenceRange>
</Observation>