<?xml version="1.0" encoding="UTF-8"?>

<SearchParameter xmlns="http://hl7.org/fhir">
  <id value="location-partof-name"/>
  <text>
    <status value="generated"/><div xmlns="http://www.w3.org/1999/xhtml"><p><b>Generated Narrative: SearchParameter</b><a name="location-partof-name"> </a></p><div style="display: inline-block; background-color: #d9e0e7; padding: 6px; margin: 4px; border: 1px solid #8da1b4; border-radius: 5px; line-height: 60%"><p style="margin-bottom: 0px">Resource SearchParameter &quot;location-partof-name&quot; </p></div><p><b>url</b>: <code>http://fhir.openmrs.org/fhir/SearchParameter/location-partof-name</code></p><p><b>version</b>: 0.1.0</p><p><b>name</b>: LocationPartOfNameSearchParameter</p><p><b>status</b>: active</p><p><b>date</b>: 2022-12-30 12:43:23+0000</p><p><b>contact</b>: OpenMRS, Inc.: <a href="https://openmrs.org">https://openmrs.org</a></p><p><b>description</b>: Searches based on the partof location reference name field for the location record eg) /ws/fhir2/{release}/Location?partof.name={name}</p><p><b>code</b>: partOf-name</p><p><b>base</b>: Location</p><p><b>type</b>: reference</p><p><b>target</b>: OMRSLocation</p></div>
  </text>
  <url value="http://fhir.openmrs.org/fhir/SearchParameter/location-partof-name"/>
  <version value="0.1.0"/>
  <name value="LocationPartOfNameSearchParameter"/>
  <status value="active"/>
  <date value="2022-12-30T12:43:23+00:00"/>
  <contact>
    <name value="OpenMRS, Inc."/>
    <telecom>
      <system value="url"/>
      <value value="https://openmrs.org"/>
    </telecom>
  </contact>
  <description value="Searches based on the partof location reference name field for the location record eg) /ws/fhir2/{release}/Location?partof.name={name}"/>
  <code value="partOf-name"/>
  <base value="Location"/>
  <type value="reference"/>
  <target value="OMRSLocation"/>
</SearchParameter>