<?xml version="1.0" encoding="UTF-8"?>

<SearchParameter xmlns="http://hl7.org/fhir">
  <id value="condition-patient"/>
  <text>
    <status value="generated"/><div xmlns="http://www.w3.org/1999/xhtml"><p><b>Generated Narrative: SearchParameter</b><a name="condition-patient"> </a></p><div style="display: inline-block; background-color: #d9e0e7; padding: 6px; margin: 4px; border: 1px solid #8da1b4; border-radius: 5px; line-height: 60%"><p style="margin-bottom: 0px">Resource SearchParameter &quot;condition-patient&quot; </p></div><p><b>url</b>: <code>http://fhir.openmrs.org/fhir/SearchParameter/condition-patient</code></p><p><b>version</b>: 0.1.0</p><p><b>name</b>: conditionPatientSearchParameter</p><p><b>status</b>: active</p><p><b>date</b>: 2022-12-30 12:43:23+0000</p><p><b>contact</b>: OpenMRS, Inc.: <a href="https://openmrs.org">https://openmrs.org</a></p><p><b>description</b>: Searches for condition by a given patient Uuid eg) /ws/fhir2/{release}/Condition?patient={uuid}</p><p><b>code</b>: patient</p><p><b>base</b>: condition</p><p><b>type</b>: reference</p><p><b>target</b>: OMRSCondition</p></div>
  </text>
  <url value="http://fhir.openmrs.org/fhir/SearchParameter/condition-patient"/>
  <version value="0.1.0"/>
  <name value="conditionPatientSearchParameter"/>
  <status value="active"/>
  <date value="2022-12-30T12:43:23+00:00"/>
  <contact>
    <name value="OpenMRS, Inc."/>
    <telecom>
      <system value="url"/>
      <value value="https://openmrs.org"/>
    </telecom>
  </contact>
  <description value="Searches for condition by a given patient Uuid eg) /ws/fhir2/{release}/Condition?patient={uuid}"/>
  <code value="patient"/>
  <base value="condition"/>
  <type value="reference"/>
  <target value="OMRSCondition"/>
</SearchParameter>