<?xml version="1.0" encoding="UTF-8"?>

<SearchParameter xmlns="http://hl7.org/fhir">
  <id value="MedicationRequest-requestor.given"/>
  <text>
    <status value="generated"/><div xmlns="http://www.w3.org/1999/xhtml"><h2>MedicationRequestRequestorGivenNameSearchParameter</h2><p>Parameter <code>requestor.given</code>:<code>string</code></p><div><p>Searches for MedicationRequest based on the Practitioner's given name(s) eg) /ws/fhir2/{release}/MedicationRequest?requestor.given={givenName}</p>
</div><table class="grid"><tr><td>Resource</td><td><a href="http://hl7.org/fhir/R4/medicationrequest.html">MedicationRequest</a></td></tr><tr><td>Expression</td><td>(none)</td></tr><tr><td>Target Resources</td><td><a href="http://hl7.org/fhir/R4/medicationrequest.html">MedicationRequest</a></td></tr><tr><td>Multiples</td><td><ul><li>multipleAnd: It's up to the server whether the parameter may repeat in order to specify multiple values that must all be true</li><li>multipleOr: It's up to the server whether the parameter can have multiple values (separated by comma) where at least one must be true</li></ul></td></tr></table></div>
  </text>
  <url value="http://fhir.openmrs.org/core/SearchParameter/MedicationRequest-requestor.given"/>
  <version value="0.1.0"/>
  <name value="MedicationRequestRequestorGivenNameSearchParameter"/>
  <status value="active"/>
  <date value="2023-12-08T16:41:46+00:00"/>
  <contact>
    <name value="OpenMRS, Inc."/>
    <telecom>
      <system value="url"/>
      <value value="https://openmrs.org"/>
    </telecom>
  </contact>
  <description value="Searches for MedicationRequest based on the Practitioner's given name(s) eg) /ws/fhir2/{release}/MedicationRequest?requestor.given={givenName}"/>
  <code value="requestor.given"/>
  <base value="MedicationRequest"/>
  <type value="string"/>
  <target value="MedicationRequest"/>
</SearchParameter>