<?xml version="1.0" encoding="UTF-8"?><SearchParameter xmlns="http://hl7.org/fhir"><id value="Encounter-participant.family"/><url value="http://fhir.openmrs.org/fhir/SearchParameter/Encounter-participant.family"/><version value="0.1.0"/><name value="EncounterParticipantFamilyNameSearchParameter"/><status value="active"/><date value="2022-12-30T12:43:23+00:00"/><contact><name value="OpenMRS, Inc."/><telecom><system value="url"/><value value="https://openmrs.org"/></telecom></contact><description value="Searches for Encounters based on the Practitioner's family name eg) /ws/fhir2/{release}/Encounter?participant.family={familyName}"/><code value="participant.family"/><base value="Encounter"/><type value="string"/><target value="OMRSEncounter"/></SearchParameter>