<?xml version="1.0" encoding="UTF-8"?><SearchParameter xmlns="http://hl7.org/fhir"><id value="serviceRequest-requester-identifier"/><text><status value="generated"/><div xmlns="http://www.w3.org/1999/xhtml"><h2>serviceRequestRequesterIdentifierSearchParameter</h2><p>Parameter <code>requester.identifier</code>:<code>token</code></p><div><p>Searches for serviceRequest by the Practitioner identifier eg) /ws/fhir2/{release}/ServiceRequest?requester:Practitioner.identifier={identifier}</p>
</div><table class="grid"><tr><td>Resource</td><td><a href="http://hl7.org/fhir/R4/servicerequest.html">ServiceRequest</a></td></tr><tr><td>Expression</td><td>(none)</td></tr><tr><td>Target Resources</td><td><a href="http://hl7.org/fhir/R4/servicerequest.html">ServiceRequest</a></td></tr><tr><td>Multiples</td><td>The parameter cannot repeat or have multiple values</td></tr></table></div></text><url value="http://fhir.openmrs.org/fhir/SearchParameter/serviceRequest-requester-identifier"/><version value="0.1.0"/><name value="serviceRequestRequesterIdentifierSearchParameter"/><status value="active"/><date value="2023-03-16T12:56:05+00:00"/><contact><name value="OpenMRS, Inc."/><telecom><system value="url"/><value value="https://openmrs.org"/></telecom></contact><description value="Searches for serviceRequest by the Practitioner identifier eg) /ws/fhir2/{release}/ServiceRequest?requester:Practitioner.identifier={identifier}"/><code value="requester.identifier"/><base value="ServiceRequest"/><type value="token"/><target value="ServiceRequest"/></SearchParameter>