<?xml version="1.0" encoding="UTF-8"?><SearchParameter xmlns="http://hl7.org/fhir"><id value="Task-owner"/><url value="http://fhir.openmrs.org/fhir/SearchParameter/Task-owner"/><version value="0.1.0"/><name value="TaskOwnerSearchParameter"/><status value="active"/><date value="2022-12-30T12:43:23+00:00"/><contact><name value="OpenMRS, Inc."/><telecom><system value="url"/><value value="https://openmrs.org"/></telecom></contact><description value="Searches for FhirTask based on the Organization Reference eg) /ws/fhir2/{release}/Task?owner={uuid}"/><code value="Task.owner"/><base value="Task"/><type value="reference"/><target value="OpenMRSTask"/></SearchParameter>