<?xml version="1.0" encoding="UTF-8"?><SearchParameter xmlns="http://hl7.org/fhir"><id value="Encounter-type"/><url value="http://fhir.openmrs.org/fhir/SearchParameter/Encounter-type"/><version value="0.1.0"/><name value="EncounterTypeSearchParameter"/><status value="active"/><date value="2022-12-30T12:43:23+00:00"/><contact><name value="OpenMRS, Inc."/><telecom><system value="url"/><value value="https://openmrs.org"/></telecom></contact><description value="Searches for Encounter based on encounter type field eg) /ws/fhir2/{release}/Encounter?type={encounterType}"/><code value="encounter.type"/><base value="Encounter"/><type value="token"/><target value="OMRSEncounter"/></SearchParameter>