<?xml version="1.0" encoding="UTF-8"?><SearchParameter xmlns="http://hl7.org/fhir"><id value="condition-subject-given"/><url value="http://fhir.openmrs.org/fhir/SearchParameter/condition-subject-given"/><version value="0.1.0"/><name value="conditionSubjectGivenSearchParameter"/><status value="active"/><date value="2022-12-30T12:43:23+00:00"/><contact><name value="OpenMRS, Inc."/><telecom><system value="url"/><value value="https://openmrs.org"/></telecom></contact><description value="Searches for condition based on the patient's given name(s) eg) /ws/fhir2/{release}/Condition?subject:Patient.given={givenName}"/><code value="subject.given"/><base value="Condition"/><type value="string"/><target value="OMRSCondition"/></SearchParameter>