<?xml version="1.0" encoding="UTF-8"?><SearchParameter xmlns="http://hl7.org/fhir"><id value="person-lastUpdated"/><url value="http://fhir.openmrs.org/fhir/SearchParameter/person-lastUpdated"/><version value="0.1.0"/><name value="personLastUpdatedSearchParameter"/><status value="active"/><date value="2022-12-30T12:43:23+00:00"/><contact><name value="OpenMRS, Inc."/><telecom><system value="url"/><value value="https://openmrs.org"/></telecom></contact><description value="Searches based on the the dateCreated or dateUpdated field for the person record eg) /ws/fhir2/{release}/Person?_lastUpdated={date-range}"/><code value="_lastUpdated"/><base value="Person"/><type value="date"/><target value="OMRSPerson"/></SearchParameter>