<?xml version="1.0" encoding="UTF-8"?><SearchParameter xmlns="http://hl7.org/fhir"><id value="condition-occurrence"/><text><status value="generated"/><div xmlns="http://www.w3.org/1999/xhtml"><h2>conditionOccurrenceSearchParameter</h2><p>Parameter <code>occurrence</code>:<code>date</code></p><div><p>Searches for condition based on to occurrent date eg) /ws/fhir2/{release}/Condition?occurrence={date}</p>
</div><table class="grid"><tr><td>Resource</td><td><a href="http://hl7.org/fhir/R4/condition.html">Condition</a></td></tr><tr><td>Expression</td><td>(none)</td></tr><tr><td>Target Resources</td><td><a href="http://hl7.org/fhir/R4/condition.html">Condition</a></td></tr><tr><td>Multiples</td><td>The parameter cannot repeat or have multiple values</td></tr></table></div></text><url value="http://fhir.openmrs.org/fhir/SearchParameter/condition-occurrence"/><version value="0.1.0"/><name value="conditionOccurrenceSearchParameter"/><status value="active"/><date value="2023-03-16T12:56:05+00:00"/><contact><name value="OpenMRS, Inc."/><telecom><system value="url"/><value value="https://openmrs.org"/></telecom></contact><description value="Searches for condition based on to occurrent date eg) /ws/fhir2/{release}/Condition?occurrence={date}"/><code value="occurrence"/><base value="Condition"/><type value="date"/><target value="Condition"/></SearchParameter>