<?xml version="1.0" encoding="UTF-8"?><SearchParameter xmlns="http://hl7.org/fhir"><id value="patient-gender"/><url value="http://fhir.openmrs.org/fhir/SearchParameter/patient-gender"/><version value="0.1.0"/><name value="patientGenderSearchParameter"/><status value="active"/><date value="2022-12-30T12:43:23+00:00"/><contact><name value="OpenMRS, Inc."/><telecom><system value="url"/><value value="https://openmrs.org"/></telecom></contact><description value="Searches based on the gender of the patient. Note that this value must be from the AdministrativeGender valueset eg) /ws/fhir2/{release}/Patient?gender={gender}"/><code value="gender"/><base value="Patient"/><type value="token"/><target value="OMRSPatient"/></SearchParameter>