<?xml version="1.0" encoding="UTF-8"?><SearchParameter xmlns="http://hl7.org/fhir"><id value="Encounter-address-country"/><url value="http://fhir.openmrs.org/fhir/SearchParameter/Encounter-address-country"/><version value="0.1.0"/><name value="EncounterCountrySearchParameter"/><status value="active"/><date value="2022-12-30T12:43:23+00:00"/><contact><name value="OpenMRS, Inc."/><telecom><system value="url"/><value value="https://openmrs.org"/></telecom></contact><description value="Searches based on the address-country field for the Encounter record eg) /ws/fhir2/{release}/Encounter?address-country={country}"/><code value="address-country"/><base value="Encounter"/><type value="string"/><target value="OMRSEncounter"/></SearchParameter>