<?xml version="1.0" encoding="UTF-8"?><SearchParameter xmlns="http://hl7.org/fhir"><id value="serviceRequest-requester-given"/><url value="http://fhir.openmrs.org/fhir/SearchParameter/serviceRequest-requester-given"/><version value="0.1.0"/><name value="serviceRequestRequesterGivenSearchParameter"/><status value="active"/><date value="2022-12-30T12:43:23+00:00"/><contact><name value="OpenMRS, Inc."/><telecom><system value="url"/><value value="https://openmrs.org"/></telecom></contact><description value="Searches for serviceRequest based on the Practitioner's given name(s) eg) /ws/fhir2/{release}/ServiceRequest?requester:Practitioner.given={givenName}"/><code value="requester.given"/><base value="ServiceRequest"/><type value="string"/><target value="OpenMRSServiceRequest"/></SearchParameter>