<?xml version="1.0" encoding="UTF-8"?><SearchParameter xmlns="http://hl7.org/fhir"><id value="location-address-city"/><text><status value="generated"/><div xmlns="http://www.w3.org/1999/xhtml"><h2>LocationCitySearchParameter</h2><p>Parameter <code>address-city</code>:<code>string</code></p><div><p>Searches based on the address-city field for the location record eg) /ws/fhir2/{release}/Location?address-city={city}</p>
</div><table class="grid"><tr><td>Resource</td><td><a href="http://hl7.org/fhir/R4/location.html">Location</a></td></tr><tr><td>Expression</td><td>(none)</td></tr><tr><td>Target Resources</td><td><a href="http://hl7.org/fhir/R4/location.html">Location</a></td></tr><tr><td>Multiples</td><td>The parameter cannot repeat or have multiple values</td></tr></table></div></text><url value="http://fhir.openmrs.org/fhir/SearchParameter/location-address-city"/><version value="0.1.0"/><name value="LocationCitySearchParameter"/><status value="active"/><date value="2023-03-16T12:56:05+00:00"/><contact><name value="OpenMRS, Inc."/><telecom><system value="url"/><value value="https://openmrs.org"/></telecom></contact><description value="Searches based on the address-city field for the location record eg) /ws/fhir2/{release}/Location?address-city={city}"/><code value="address-city"/><base value="Location"/><type value="string"/><target value="Location"/></SearchParameter>