<?xml version="1.0" encoding="UTF-8"?><SearchParameter xmlns="http://hl7.org/fhir"><id value="serviceRequest-encounter"/><url value="http://fhir.openmrs.org/fhir/SearchParameter/serviceRequest-encounter"/><version value="0.1.0"/><name value="serviceRequestEncounterSearchParameter"/><status value="active"/><date value="2022-12-30T12:43:23+00:00"/><contact><name value="OpenMRS, Inc."/><telecom><system value="url"/><value value="https://openmrs.org"/></telecom></contact><description value="Searches for serviceRequest based on the serviceRequest encounter Uuid eg) /ws/fhir2/{release}/ServiceRequest?encounter={uuid}"/><code value="code"/><base value="ServiceRequest"/><type value="reference"/><target value="OpenMRSServiceRequest"/></SearchParameter>