<?xml version="1.0" encoding="UTF-8"?><SearchParameter xmlns="http://hl7.org/fhir"><id value="serviceRequest-code"/><url value="http://fhir.openmrs.org/fhir/SearchParameter/serviceRequest-code"/><version value="0.1.0"/><name value="serviceRequestCodeSearchParameter"/><status value="active"/><date value="2022-12-30T12:43:23+00:00"/><contact><name value="OpenMRS, Inc."/><telecom><system value="url"/><value value="https://openmrs.org"/></telecom></contact><description value="Searches for serviceRequest based on the serviceRequest concept code eg) /ws/fhir2/{release}/ServiceRequest?code={code}"/><code value="code"/><base value="ServiceRequest"/><type value="token"/><target value="OpenMRSServiceRequest"/></SearchParameter>