<?xml version="1.0" encoding="UTF-8"?><SearchParameter xmlns="http://hl7.org/fhir"><id value="patient-death-date"/><url value="http://fhir.openmrs.org/fhir/SearchParameter/patient-death-date"/><version value="0.1.0"/><name value="patientDeathDateSearchParameter"/><status value="active"/><date value="2022-12-30T12:43:23+00:00"/><contact><name value="OpenMRS, Inc."/><telecom><system value="url"/><value value="https://openmrs.org"/></telecom></contact><description value="Searches based on the death date of the patient (if any) eg) /ws/fhir2/{release}/Patient?death-date={date}"/><code value="death-date"/><base value="Patient"/><type value="date"/><target value="OMRSPatient"/></SearchParameter>