<?xml version="1.0" encoding="UTF-8"?><SearchParameter xmlns="http://hl7.org/fhir"><id value="Encounter-lastUpdated"/><url value="http://fhir.openmrs.org/fhir/SearchParameter/Encounter-lastUpdated"/><version value="0.1.0"/><name value="EncounterLastUpdatedSearchParameter"/><status value="active"/><date value="2022-12-30T12:43:23+00:00"/><contact><name value="OpenMRS, Inc."/><telecom><system value="url"/><value value="https://openmrs.org"/></telecom></contact><description value="Searches based on the Encounter lastUpdated field for the Encounter record eg) /ws/fhir2/{release}/Encounter?_lastUpdated={date}"/><code value="_lastUpdated"/><base value="Encounter"/><type value="date"/><target value="OMRSEncounter"/></SearchParameter>