<?xml version="1.0" encoding="UTF-8"?><SearchParameter xmlns="http://hl7.org/fhir"><id value="condition-id"/><url value="http://fhir.openmrs.org/fhir/SearchParameter/condition-id"/><version value="0.1.0"/><name value="conditionIdSearchParameter"/><status value="active"/><date value="2022-12-30T12:43:23+00:00"/><contact><name value="OpenMRS, Inc."/><telecom><system value="url"/><value value="https://openmrs.org"/></telecom></contact><description value="Searches for condition based on service Uuid eg) /ws/fhir2/{release}/Condition?_id={uuid}"/><code value="_id"/><base value="Condition"/><type value="token"/><target value="OMRSCondition"/></SearchParameter>