<?xml version="1.0" encoding="UTF-8"?><SearchParameter xmlns="http://hl7.org/fhir"><id value="patient-address-postalcode"/><url value="http://fhir.openmrs.org/fhir/SearchParameter/patient-address-postalcode"/><version value="0.1.0"/><name value="patientPostalCodeSearchParameter"/><status value="active"/><date value="2022-12-30T12:43:23+00:00"/><contact><name value="OpenMRS, Inc."/><telecom><system value="url"/><value value="https://openmrs.org"/></telecom></contact><description value="Searches based on the patient's recorded postal code of address eg) /ws/fhir2/{release}/Patient?address-postalcode={postalCode}"/><code value="address-postalcode"/><base value="Patient"/><type value="string"/><target value="OMRSPatient"/></SearchParameter>