<?xml version="1.0" encoding="UTF-8"?><SearchParameter xmlns="http://hl7.org/fhir"><id value="Task-status"/><url value="http://fhir.openmrs.org/fhir/SearchParameter/Task-status"/><version value="0.1.0"/><name value="TaskStatueSearchParameter"/><status value="active"/><date value="2022-12-30T12:43:23+00:00"/><contact><name value="OpenMRS, Inc."/><telecom><system value="url"/><value value="https://openmrs.org"/></telecom></contact><description value="Searches for FhirTask based on the FhirTask status eg) /ws/fhir2/{release}/Task?status={codeable concept}"/><code value="Task.status"/><base value="Task"/><type value="token"/><target value="OpenMRSTask"/></SearchParameter>