<?xml version="1.0" encoding="UTF-8"?><SearchParameter xmlns="http://hl7.org/fhir"><id value="person-address-city"/><url value="http://fhir.openmrs.org/fhir/SearchParameter/person-address-city"/><version value="0.1.0"/><name value="personCitySearchParameter"/><status value="active"/><date value="2022-12-30T12:43:23+00:00"/><contact><name value="OpenMRS, Inc."/><telecom><system value="url"/><value value="https://openmrs.org"/></telecom></contact><description value="Searches based on the person's recorded city/village of address eg) /ws/fhir2/{release}/Person?address-city={city}"/><code value="address-city"/><base value="Person"/><type value="string"/><target value="OMRSPerson"/></SearchParameter>