<?xml version="1.0" encoding="UTF-8"?><SearchParameter xmlns="http://hl7.org/fhir"><id value="Encounter-subject-family"/><url value="http://fhir.openmrs.org/fhir/SearchParameter/Encounter-subject-family"/><version value="0.1.0"/><name value="EncounterSubjectfamilySearchParameter"/><status value="active"/><date value="2022-12-30T12:43:23+00:00"/><contact><name value="OpenMRS, Inc."/><telecom><system value="url"/><value value="https://openmrs.org"/></telecom></contact><description value="&#x9;Searches for Encounter based on the patient's family name eg) /ws/fhir2/{release}/Encounter?subject:Patient.family={familyName}"/><code value="subject.family"/><base value="Encounter"/><type value="string"/><target value="OMRSEncounter"/></SearchParameter>