<?xml version="1.0" encoding="UTF-8"?><SearchParameter xmlns="http://hl7.org/fhir"><id value="patient-birthdate"/><url value="http://fhir.openmrs.org/fhir/SearchParameter/patient-birthdate"/><version value="0.1.0"/><name value="patientBirthdateSearchParameter"/><status value="active"/><date value="2022-12-30T12:43:23+00:00"/><contact><name value="OpenMRS, Inc."/><telecom><system value="url"/><value value="https://openmrs.org"/></telecom></contact><description value="Searches based on the patient's birthdate eg) /ws/fhir2/{release}/Patient?birthdate={date}"/><code value="birthdate"/><base value="Patient"/><type value="date"/><target value="OMRSPatient"/></SearchParameter>