<?xml version="1.0" encoding="UTF-8"?><SearchParameter xmlns="http://hl7.org/fhir"><id value="condition-subject-family"/><url value="http://fhir.openmrs.org/fhir/SearchParameter/condition-subject-family"/><version value="0.1.0"/><name value="conditionSubjectfamilySearchParameter"/><status value="active"/><date value="2022-12-30T12:43:23+00:00"/><contact><name value="OpenMRS, Inc."/><telecom><system value="url"/><value value="https://openmrs.org"/></telecom></contact><description value="&#x9;Searches for condition based on the patient's family name eg) /ws/fhir2/{release}/Condition?subject:Patient.family={familyName}"/><code value="subject.family"/><base value="Condition"/><type value="string"/><target value="OMRSCondition"/></SearchParameter>