<?xml version="1.0" encoding="UTF-8"?><SearchParameter xmlns="http://hl7.org/fhir"><id value="person-address-state"/><text><status value="generated"/><div xmlns="http://www.w3.org/1999/xhtml"><h2>personStateSearchParameter</h2><p>Parameter <code>address-state</code>:<code>string</code></p><div><p>Searches based on the person's recorded state/province of address eg) /ws/fhir2/{release}/Person?address-state={state}</p>
</div><table class="grid"><tr><td>Resource</td><td><a href="http://hl7.org/fhir/R4/person.html">Person</a></td></tr><tr><td>Expression</td><td>(none)</td></tr><tr><td>Target Resources</td><td><a href="http://hl7.org/fhir/R4/person.html">Person</a></td></tr><tr><td>Multiples</td><td>The parameter cannot repeat or have multiple values</td></tr></table></div></text><url value="http://fhir.openmrs.org/fhir/SearchParameter/person-address-state"/><version value="0.1.0"/><name value="personStateSearchParameter"/><status value="active"/><date value="2023-03-16T12:56:05+00:00"/><contact><name value="OpenMRS, Inc."/><telecom><system value="url"/><value value="https://openmrs.org"/></telecom></contact><description value="Searches based on the person's recorded state/province of address eg) /ws/fhir2/{release}/Person?address-state={state}"/><code value="address-state"/><base value="Person"/><type value="string"/><target value="Person"/></SearchParameter>