<?xml version="1.0" encoding="UTF-8"?><SearchParameter xmlns="http://hl7.org/fhir"><id value="location-partof-name"/><url value="http://fhir.openmrs.org/fhir/SearchParameter/location-partof-name"/><version value="0.1.0"/><name value="LocationPartOfNameSearchParameter"/><status value="active"/><date value="2022-12-30T12:43:23+00:00"/><contact><name value="OpenMRS, Inc."/><telecom><system value="url"/><value value="https://openmrs.org"/></telecom></contact><description value="Searches based on the partof location reference name field for the location record eg) /ws/fhir2/{release}/Location?partof.name={name}"/><code value="partOf-name"/><base value="Location"/><type value="reference"/><target value="OMRSLocation"/></SearchParameter>