<?xml version="1.0" encoding="UTF-8"?><SearchParameter xmlns="http://hl7.org/fhir"><id value="patient-address-country"/><url value="http://fhir.openmrs.org/fhir/SearchParameter/patient-address-country"/><version value="0.1.0"/><name value="patientCountrySearchParameter"/><status value="active"/><date value="2022-12-30T12:43:23+00:00"/><contact><name value="OpenMRS, Inc."/><telecom><system value="url"/><value value="https://openmrs.org"/></telecom></contact><description value="Searches based on the patient's recorded country of address eg) /ws/fhir2/{release}/Patient?address-country={country}"/><code value="address-country"/><base value="Patient"/><type value="string"/><target value="OMRSPatient"/></SearchParameter>