<?xml version="1.0" encoding="UTF-8"?><SearchParameter xmlns="http://hl7.org/fhir"><id value="Encounter-participant.given"/><url value="http://fhir.openmrs.org/fhir/SearchParameter/Encounter-participant.given"/><version value="0.1.0"/><name value="EncounterParticipantGivenNameSearchParameter"/><status value="active"/><date value="2022-12-30T12:43:23+00:00"/><contact><name value="OpenMRS, Inc."/><telecom><system value="url"/><value value="https://openmrs.org"/></telecom></contact><description value="Searches for Encounters based on the Practitioner's given name(s) eg) /ws/fhir2/{release}/Encounter?participant.given={givenName}"/><code value="participant.given"/><base value="Encounter"/><type value="string"/><target value="OMRSEncounter"/></SearchParameter>