<?xml version="1.0" encoding="UTF-8"?><SearchParameter xmlns="http://hl7.org/fhir"><id value="patient-deceased"/><url value="http://fhir.openmrs.org/fhir/SearchParameter/patient-deceased"/><version value="0.1.0"/><name value="patientDeathDateSearchParameter"/><status value="active"/><date value="2022-12-30T12:43:23+00:00"/><contact><name value="OpenMRS, Inc."/><telecom><system value="url"/><value value="https://openmrs.org"/></telecom></contact><description value="Searches based on whether a patient is marked as deceased. Acceptable values are true or false eg) /ws/fhir2/{release}/Patient?deceased={boolean}"/><code value="deceased"/><base value="Patient"/><type value="token"/><target value="OMRSPatient"/></SearchParameter>