<?xml version="1.0" encoding="UTF-8"?><SearchParameter xmlns="http://hl7.org/fhir"><id value="MedicationRequest-patient-identifier"/><url value="http://fhir.openmrs.org/fhir/SearchParameter/MedicationRequest-patient-identifier"/><version value="0.1.0"/><name value="MedicationRequestPatientIdentifierSearchParameter"/><status value="active"/><date value="2022-12-30T12:43:23+00:00"/><contact><name value="OpenMRS, Inc."/><telecom><system value="url"/><value value="https://openmrs.org"/></telecom></contact><description value="Searches for MedicationRequest by a given patient eg) /ws/fhir2/{release}/MedicationRequest?patient.identifier={identifier}"/><code value="patient.identifier"/><base value="MedicationRequest"/><type value="token"/><target value="OMRSMedicationRequest"/></SearchParameter>