<?xml version="1.0" encoding="UTF-8"?><SearchParameter xmlns="http://hl7.org/fhir"><id value="patient-death-date"/><text><status value="generated"/><div xmlns="http://www.w3.org/1999/xhtml"><h2>patientDeathDateSearchParameter</h2><p>Parameter <code>death-date</code>:<code>date</code></p><div><p>Searches based on the death date of the patient (if any) eg) /ws/fhir2/{release}/Patient?death-date={date}</p>
</div><table class="grid"><tr><td>Resource</td><td><a href="http://hl7.org/fhir/R4/patient.html">Patient</a></td></tr><tr><td>Expression</td><td>(none)</td></tr><tr><td>Target Resources</td><td><a href="http://hl7.org/fhir/R4/patient.html">Patient</a></td></tr><tr><td>Multiples</td><td>The parameter cannot repeat or have multiple values</td></tr></table></div></text><url value="http://fhir.openmrs.org/fhir/SearchParameter/patient-death-date"/><version value="0.1.0"/><name value="patientDeathDateSearchParameter"/><status value="active"/><date value="2023-03-16T12:56:05+00:00"/><contact><name value="OpenMRS, Inc."/><telecom><system value="url"/><value value="https://openmrs.org"/></telecom></contact><description value="Searches based on the death date of the patient (if any) eg) /ws/fhir2/{release}/Patient?death-date={date}"/><code value="death-date"/><base value="Patient"/><type value="date"/><target value="Patient"/></SearchParameter>