<?xml version="1.0" encoding="UTF-8"?><SearchParameter xmlns="http://hl7.org/fhir"><id value="Practitioner-lastUpdated"/><url value="http://fhir.openmrs.org/fhir/SearchParameter/Practitioner-lastUpdated"/><version value="0.1.0"/><name value="PractitionerLastUpdatedSearchParameter"/><status value="active"/><date value="2022-12-30T12:43:23+00:00"/><contact><name value="OpenMRS, Inc."/><telecom><system value="url"/><value value="https://openmrs.org"/></telecom></contact><description value="Searches based on the Practitioner lastUpdated field for the Practitioner record eg) /ws/fhir2/{release}/Practitioner?_lastUpdated={date-range}"/><code value="_lastUpdated"/><base value="Practitioner"/><type value="date"/><target value="OMRSPractitioner"/></SearchParameter>