{"resourceType":"ImplementationGuide","id":"openmrs","text":{"status":"extensions","div":"<div xmlns=\"http://www.w3.org/1999/xhtml\"><h2>OMRSFhir2ImplementationGuide</h2><p>The official URL for this implementation guide is: </p><pre>http://fhir.openmrs.org/fhir/ImplementationGuide/openmrs</pre><div><p>An Implementation Guide covering the OpenMRS FHIR2 module implementation of FHIR</p>\n</div></div>"},"url":"http://fhir.openmrs.org/fhir/ImplementationGuide/openmrs","version":"0.1.0","name":"OMRSFhir2ImplementationGuide","title":"OpenMRS FHIR2 Implementation Guide","status":"draft","date":"2022-08-19T07:11:06+00:00","contact":[{"name":"OpenMRS, Inc.","telecom":[{"system":"url","value":"https://openmrs.org"}]}],"description":"An Implementation Guide covering the OpenMRS FHIR2 module implementation of FHIR","packageId":"openmrs","license":"CC-BY-SA-4.0","fhirVersion":["4.0.1"],"dependsOn":[{"id":"hl7tx","uri":"http://terminology.hl7.org/ImplementationGuide/hl7.terminology","packageId":"hl7.terminology.r4","version":"3.1.0"}],"definition":{"extension":[{"extension":[{"url":"code","valueString":"copyrightyear"},{"url":"value","valueString":"2021+"}],"url":"http://hl7.org/fhir/tools/StructureDefinition/ig-parameter"},{"extension":[{"url":"code","valueString":"releaselabel"},{"url":"value","valueString":"ci-build"}],"url":"http://hl7.org/fhir/tools/StructureDefinition/ig-parameter"},{"extension":[{"url":"code","valueString":"apply-publisher"},{"url":"value","valueString":"true"}],"url":"http://hl7.org/fhir/tools/StructureDefinition/ig-parameter"},{"extension":[{"url":"code","valueString":"apply-license"},{"url":"value","valueString":"true"}],"url":"http://hl7.org/fhir/tools/StructureDefinition/ig-parameter"},{"extension":[{"url":"code","valueString":"apply-contact"},{"url":"value","valueString":"true"}],"url":"http://hl7.org/fhir/tools/StructureDefinition/ig-parameter"},{"extension":[{"url":"code","valueString":"autoload-resources"},{"url":"value","valueString":"true"}],"url":"http://hl7.org/fhir/tools/StructureDefinition/ig-parameter"},{"extension":[{"url":"code","valueString":"path-liquid"},{"url":"value","valueString":"template/liquid"}],"url":"http://hl7.org/fhir/tools/StructureDefinition/ig-parameter"},{"extension":[{"url":"code","valueString":"path-liquid"},{"url":"value","valueString":"input/liquid"}],"url":"http://hl7.org/fhir/tools/StructureDefinition/ig-parameter"},{"extension":[{"url":"code","valueString":"path-qa"},{"url":"value","valueString":"temp/qa"}],"url":"http://hl7.org/fhir/tools/StructureDefinition/ig-parameter"},{"extension":[{"url":"code","valueString":"path-temp"},{"url":"value","valueString":"temp/pages"}],"url":"http://hl7.org/fhir/tools/StructureDefinition/ig-parameter"},{"extension":[{"url":"code","valueString":"path-output"},{"url":"value","valueString":"output"}],"url":"http://hl7.org/fhir/tools/StructureDefinition/ig-parameter"},{"extension":[{"url":"code","valueString":"path-suppressed-warnings"},{"url":"value","valueString":"input/ignoreWarnings.txt"}],"url":"http://hl7.org/fhir/tools/StructureDefinition/ig-parameter"},{"extension":[{"url":"code","valueString":"path-history"},{"url":"value","valueString":"http://fhir.openmrs.org/fhir/history.html"}],"url":"http://hl7.org/fhir/tools/StructureDefinition/ig-parameter"},{"extension":[{"url":"code","valueString":"template-html"},{"url":"value","valueString":"template-page.html"}],"url":"http://hl7.org/fhir/tools/StructureDefinition/ig-parameter"},{"extension":[{"url":"code","valueString":"template-md"},{"url":"value","valueString":"template-page-md.html"}],"url":"http://hl7.org/fhir/tools/StructureDefinition/ig-parameter"},{"extension":[{"url":"code","valueString":"apply-context"},{"url":"value","valueString":"true"}],"url":"http://hl7.org/fhir/tools/StructureDefinition/ig-parameter"},{"extension":[{"url":"code","valueString":"apply-copyright"},{"url":"value","valueString":"true"}],"url":"http://hl7.org/fhir/tools/StructureDefinition/ig-parameter"},{"extension":[{"url":"code","valueString":"apply-jurisdiction"},{"url":"value","valueString":"true"}],"url":"http://hl7.org/fhir/tools/StructureDefinition/ig-parameter"},{"extension":[{"url":"code","valueString":"apply-version"},{"url":"value","valueString":"true"}],"url":"http://hl7.org/fhir/tools/StructureDefinition/ig-parameter"},{"extension":[{"url":"code","valueString":"active-tables"},{"url":"value","valueString":"true"}],"url":"http://hl7.org/fhir/tools/StructureDefinition/ig-parameter"},{"extension":[{"url":"code","valueString":"fmm-definition"},{"url":"value","valueString":"http://hl7.org/fhir/versions.html#maturity"}],"url":"http://hl7.org/fhir/tools/StructureDefinition/ig-parameter"},{"extension":[{"url":"code","valueString":"propagate-status"},{"url":"value","valueString":"true"}],"url":"http://hl7.org/fhir/tools/StructureDefinition/ig-parameter"},{"extension":[{"url":"code","valueString":"excludelogbinaryformat"},{"url":"value","valueString":"true"}],"url":"http://hl7.org/fhir/tools/StructureDefinition/ig-parameter"}],"grouping":[{"id":"-str-profile","name":"Structures: Resource Profiles","description":"These define constraints on FHIR resources for systems conforming to this implementation guide"},{"id":"-str-datatype","name":"Structures: Data Type Profiles","description":"These define constraints on FHIR data types for systems conforming to this implementation guide"},{"id":"-str-extension","name":"Structures: Extension Definitions","description":"These define constraints on FHIR data types for systems conforming to this implementation guide"},{"id":"-term-valueset","name":"Terminology: Value Sets","description":"These define sets of codes used by systems conforming to this implementation guide"},{"id":"-term-codesystem","name":"Terminology: Code Systems","description":"These define new code systems used by systems conforming to this implementation guide"},{"id":"-ex-example","name":"Example: Example Instances","description":"These are example instances that show what data produced and consumed by systems conforming with this implementation guide might look like"}],"resource":[{"extension":[{"url":"http://hl7.org/fhir/StructureDefinition/implementationguide-page","valueUri":"StructureDefinition-omrs-address.html"}],"reference":{"reference":"StructureDefinition/omrs-address"},"name":"OMRS Address","description":"Address profile specifies the geological location details","exampleBoolean":false,"groupingId":"-str-datatype"},{"extension":[{"url":"http://hl7.org/fhir/StructureDefinition/implementationguide-page","valueUri":"StructureDefinition-omrs-encounter.html"}],"reference":{"reference":"StructureDefinition/omrs-encounter"},"name":"Openmrs Encounter","description":"A FHIR Encounter as understood by OpenMRS","exampleBoolean":false,"groupingId":"-str-profile"},{"extension":[{"url":"http://hl7.org/fhir/StructureDefinition/implementationguide-page","valueUri":"StructureDefinition-omrs-location.html"}],"reference":{"reference":"StructureDefinition/omrs-location"},"name":"OpenMRS Location","description":"An OpenMRS location","exampleBoolean":false,"groupingId":"-str-profile"},{"extension":[{"url":"http://hl7.org/fhir/StructureDefinition/implementationguide-page","valueUri":"StructureDefinition-omrs-location-contact-point.html"}],"reference":{"reference":"StructureDefinition/omrs-location-contact-point"},"name":"OpenMRS Location Contact Point","description":"An OpenMRS Location Phone Number","exampleBoolean":false,"groupingId":"-str-datatype"},{"extension":[{"url":"http://hl7.org/fhir/StructureDefinition/implementationguide-page","valueUri":"StructureDefinition-omrs-patient.html"}],"reference":{"reference":"StructureDefinition/omrs-patient"},"name":"OpenMRS Patient","description":"A FHIR Patient as understood by OpenMRS","exampleBoolean":false,"groupingId":"-str-profile"},{"extension":[{"url":"http://hl7.org/fhir/StructureDefinition/implementationguide-page","valueUri":"StructureDefinition-omrs-patient-identifier.html"}],"reference":{"reference":"StructureDefinition/omrs-patient-identifier"},"name":"OpenMRS Patient Identifier","description":"Patient Identifers as understood by OpenMRS","exampleBoolean":false,"groupingId":"-str-datatype"},{"extension":[{"url":"http://hl7.org/fhir/StructureDefinition/implementationguide-page","valueUri":"StructureDefinition-omrs-person.html"}],"reference":{"reference":"StructureDefinition/omrs-person"},"name":"OpenMRS Person","description":"A FHIR Person as understood by OpenMRS","exampleBoolean":false,"groupingId":"-str-profile"},{"extension":[{"url":"http://hl7.org/fhir/StructureDefinition/implementationguide-page","valueUri":"StructureDefinition-omrs-practitioner.html"}],"reference":{"reference":"StructureDefinition/omrs-practitioner"},"name":"Openmrs Practitioner","description":"A FHIR Practitioner as understood by OpenMRS","exampleBoolean":false,"groupingId":"-str-profile"},{"extension":[{"url":"http://hl7.org/fhir/StructureDefinition/implementationguide-page","valueUri":"StructureDefinition-OpenMRS-diagnostic-report.html"}],"reference":{"reference":"StructureDefinition/OpenMRS-diagnostic-report"},"name":"OpenMRS Diagnostic Report","description":"DiagnosticReport resource created by a OpenMRS that representing results of diagnostic tests that are performed in a given clinical context.","exampleBoolean":false,"groupingId":"-str-profile"},{"extension":[{"url":"http://hl7.org/fhir/StructureDefinition/implementationguide-page","valueUri":"StructureDefinition-OpenMRS-observation.html"}],"reference":{"reference":"StructureDefinition/OpenMRS-observation"},"name":"OpenMRS Observation","description":"Observation resource created by a OpenMRS that representing a result for an order submitted by an EMR System","exampleBoolean":false,"groupingId":"-str-profile"},{"extension":[{"url":"http://hl7.org/fhir/StructureDefinition/implementationguide-page","valueUri":"StructureDefinition-OpenMRS-service-request.html"}],"reference":{"reference":"StructureDefinition/OpenMRS-service-request"},"name":"OpenMRS Service Request","description":" Service Request Resource is represents a request for some type of procedure or diagnostic test to be performed. When fulfilled, the results of this request are represented as a DiagnosticReport resource with associated Observation resources","exampleBoolean":false,"groupingId":"-str-profile"},{"extension":[{"url":"http://hl7.org/fhir/StructureDefinition/implementationguide-page","valueUri":"StructureDefinition-OpenMRS-task.html"}],"reference":{"reference":"StructureDefinition/OpenMRS-task"},"name":"OpenMRS Task","description":"A Task resource represent an activity that is to be performed,and track the completion of said activity between an OpenMRS and a FHIR2","exampleBoolean":false,"groupingId":"-str-profile"},{"extension":[{"url":"http://hl7.org/fhir/StructureDefinition/implementationguide-page","valueUri":"StructureDefinition-omrs-patient-identifier-location.html"}],"reference":{"reference":"StructureDefinition/omrs-patient-identifier-location"},"name":"OpenMRS Patient Identifier Location","description":"OpenMRS location for which this identifier is valid","exampleBoolean":false,"groupingId":"-str-extension"},{"extension":[{"url":"http://hl7.org/fhir/StructureDefinition/implementationguide-page","valueUri":"ValueSet-encounter-status-vs.html"}],"reference":{"reference":"ValueSet/encounter-status-vs"},"name":"EncounterStatus","description":"Encounter  status ValueSet","exampleBoolean":false,"groupingId":"-term-valueset"},{"extension":[{"url":"http://hl7.org/fhir/StructureDefinition/implementationguide-page","valueUri":"ValueSet-location-status-vs.html"}],"reference":{"reference":"ValueSet/location-status-vs"},"name":"Location Status ValueSet","description":"Indicates whether the location is still in use.","exampleBoolean":false,"groupingId":"-term-valueset"},{"extension":[{"url":"http://hl7.org/fhir/StructureDefinition/implementationguide-page","valueUri":"ValueSet-OpenMRS-task-intent-vs.html"}],"reference":{"reference":"ValueSet/OpenMRS-task-intent-vs"},"name":"OpenMRS Intent for Task","description":"The intent of the task, subset from https://www.hl7.org/FHIR/valueset-task-intent.html","exampleBoolean":false,"groupingId":"-term-valueset"},{"extension":[{"url":"http://hl7.org/fhir/StructureDefinition/implementationguide-page","valueUri":"ValueSet-OpenMRS-task-status-vs.html"}],"reference":{"reference":"ValueSet/OpenMRS-task-status-vs"},"name":"OpenMRS Status for Task","description":"The state of the task, subset from https://www.hl7.org/FHIR/valueset-task-status.html","exampleBoolean":false,"groupingId":"-term-valueset"},{"extension":[{"url":"http://hl7.org/fhir/StructureDefinition/implementationguide-page","valueUri":"ValueSet-OpenMRS-diagnostic-report-status-vs.html"}],"reference":{"reference":"ValueSet/OpenMRS-diagnostic-report-status-vs"},"name":"OpenMRS Diagnostic Report Status Flag","description":"The status of the diagnostic report, subset from https://www.hl7.org/fhir/valueset-diagnostic-report-status.html","exampleBoolean":false,"groupingId":"-term-valueset"},{"extension":[{"url":"http://hl7.org/fhir/StructureDefinition/implementationguide-page","valueUri":"ValueSet-OpenMRS-order-code-vs.html"}],"reference":{"reference":"ValueSet/OpenMRS-order-code-vs"},"name":"OpenMRS Order Code","description":"The code for the openmrs requested in the EMR.","exampleBoolean":false,"groupingId":"-term-valueset"},{"extension":[{"url":"http://hl7.org/fhir/StructureDefinition/implementationguide-page","valueUri":"CodeSystem-encounter-type.html"}],"reference":{"reference":"CodeSystem/encounter-type"},"name":"Encounter Type Code System","description":"Encounter Type Coding System","exampleBoolean":false,"groupingId":"-term-codesystem"},{"extension":[{"url":"http://hl7.org/fhir/StructureDefinition/implementationguide-page","valueUri":"Patient-51ead2ec-279f-482d-80f8-209a5d4109d0.html"}],"reference":{"reference":"Patient/51ead2ec-279f-482d-80f8-209a5d4109d0"},"name":"Encounter Patient Example","description":"OMRS Encounter Resource Example","exampleBoolean":true,"groupingId":"-ex-example"},{"extension":[{"url":"http://hl7.org/fhir/StructureDefinition/implementationguide-page","valueUri":"Encounter-5b829d01-34bb-47d1-b1bb-9303c3a9ebcb.html"}],"reference":{"reference":"Encounter/5b829d01-34bb-47d1-b1bb-9303c3a9ebcb"},"name":"Encounter Resource Example","description":"Example OMRS Encounter","exampleCanonical":"http://fhir.openmrs.org/fhir/StructureDefinition/omrs-encounter","groupingId":"-ex-example"},{"extension":[{"url":"http://hl7.org/fhir/StructureDefinition/implementationguide-page","valueUri":"Practitioner-7a9e2727-11ee-47ae-8af5-1dcf5337f7c2.html"}],"reference":{"reference":"Practitioner/7a9e2727-11ee-47ae-8af5-1dcf5337f7c2"},"name":"Practitioner Example","description":"Practitioner Resource Example","exampleCanonical":"http://fhir.openmrs.org/fhir/StructureDefinition/omrs-practitioner","groupingId":"-ex-example"},{"extension":[{"url":"http://hl7.org/fhir/StructureDefinition/implementationguide-page","valueUri":"Location-LocationExample.html"}],"reference":{"reference":"Location/LocationExample"},"name":"Location Example","description":"Example OMRS location","exampleCanonical":"http://fhir.openmrs.org/fhir/StructureDefinition/omrs-location","groupingId":"-ex-example"},{"extension":[{"url":"http://hl7.org/fhir/StructureDefinition/implementationguide-page","valueUri":"Observation-example-openmrs-Observation.html"}],"reference":{"reference":"Observation/example-openmrs-Observation"},"name":"Openmrs Observation","description":"Example OMRS Observation Resource","exampleCanonical":"http://fhir.openmrs.org/fhir/StructureDefinition/OpenMRS-observation","groupingId":"-ex-example"},{"extension":[{"url":"http://hl7.org/fhir/StructureDefinition/implementationguide-page","valueUri":"Patient-example-openmrs-Patient.html"}],"reference":{"reference":"Patient/example-openmrs-Patient"},"name":"Openmrs Patient","description":"Example OMRS Patient Resource","exampleCanonical":"http://fhir.openmrs.org/fhir/StructureDefinition/omrs-patient","groupingId":"-ex-example"},{"extension":[{"url":"http://hl7.org/fhir/StructureDefinition/implementationguide-page","valueUri":"Task-example-openmrs-Task.html"}],"reference":{"reference":"Task/example-openmrs-Task"},"name":"Openmrs Task","description":"Example OMRS Task Resource","exampleCanonical":"http://fhir.openmrs.org/fhir/StructureDefinition/OpenMRS-task","groupingId":"-ex-example"}],"page":{"nameUrl":"toc.html","title":"Table of Contents","generation":"html","page":[{"nameUrl":"index.html","title":"Home","generation":"markdown"},{"nameUrl":"changes.html","title":"Changes","generation":"markdown"},{"nameUrl":"artifacts.html","title":"Artifacts Summary","generation":"html","page":[{"nameUrl":"StructureDefinition-omrs-encounter.html","title":"Openmrs Encounter","generation":"generated"},{"nameUrl":"StructureDefinition-omrs-location.html","title":"OpenMRS Location","generation":"generated"},{"nameUrl":"StructureDefinition-omrs-patient.html","title":"OpenMRS Patient","generation":"generated"},{"nameUrl":"StructureDefinition-omrs-person.html","title":"OpenMRS Person","generation":"generated"},{"nameUrl":"StructureDefinition-omrs-practitioner.html","title":"Openmrs Practitioner","generation":"generated"},{"nameUrl":"StructureDefinition-OpenMRS-diagnostic-report.html","title":"OpenMRS Diagnostic Report","generation":"generated"},{"nameUrl":"StructureDefinition-OpenMRS-observation.html","title":"OpenMRS Observation","generation":"generated"},{"nameUrl":"StructureDefinition-OpenMRS-service-request.html","title":"OpenMRS Service Request","generation":"generated"},{"nameUrl":"StructureDefinition-OpenMRS-task.html","title":"OpenMRS Task","generation":"generated"},{"nameUrl":"StructureDefinition-omrs-address.html","title":"OMRS Address","generation":"generated"},{"nameUrl":"StructureDefinition-omrs-location-contact-point.html","title":"OpenMRS Location Contact Point","generation":"generated"},{"nameUrl":"StructureDefinition-omrs-patient-identifier.html","title":"OpenMRS Patient Identifier","generation":"generated"},{"nameUrl":"StructureDefinition-omrs-patient-identifier-location.html","title":"OpenMRS Patient Identifier Location","generation":"generated"},{"nameUrl":"ValueSet-encounter-status-vs.html","title":"EncounterStatus","generation":"generated"},{"nameUrl":"ValueSet-location-status-vs.html","title":"Location Status ValueSet","generation":"generated"},{"nameUrl":"ValueSet-OpenMRS-task-intent-vs.html","title":"OpenMRS Intent for Task","generation":"generated"},{"nameUrl":"ValueSet-OpenMRS-task-status-vs.html","title":"OpenMRS Status for Task","generation":"generated"},{"nameUrl":"ValueSet-OpenMRS-diagnostic-report-status-vs.html","title":"OpenMRS Diagnostic Report Status Flag","generation":"generated"},{"nameUrl":"ValueSet-OpenMRS-order-code-vs.html","title":"OpenMRS Order Code","generation":"generated"},{"nameUrl":"CodeSystem-encounter-type.html","title":"Encounter Type Code System","generation":"generated"},{"nameUrl":"Patient-51ead2ec-279f-482d-80f8-209a5d4109d0.html","title":"Encounter Patient Example","generation":"generated"},{"nameUrl":"Encounter-5b829d01-34bb-47d1-b1bb-9303c3a9ebcb.html","title":"Encounter Resource Example","generation":"generated"},{"nameUrl":"Practitioner-7a9e2727-11ee-47ae-8af5-1dcf5337f7c2.html","title":"Practitioner Example","generation":"generated"},{"nameUrl":"Location-LocationExample.html","title":"Location Example","generation":"generated"},{"nameUrl":"Observation-example-openmrs-Observation.html","title":"Openmrs Observation","generation":"generated"},{"nameUrl":"Patient-example-openmrs-Patient.html","title":"Openmrs Patient","generation":"generated"},{"nameUrl":"Task-example-openmrs-Task.html","title":"Openmrs Task","generation":"generated"}]}]},"parameter":[{"code":"path-resource","value":"input/capabilities"},{"code":"path-resource","value":"input/examples"},{"code":"path-resource","value":"input/extensions"},{"code":"path-resource","value":"input/models"},{"code":"path-resource","value":"input/operations"},{"code":"path-resource","value":"input/profiles"},{"code":"path-resource","value":"input/resources"},{"code":"path-resource","value":"input/vocabulary"},{"code":"path-resource","value":"input/maps"},{"code":"path-resource","value":"input/testing"},{"code":"path-resource","value":"input/history"},{"code":"path-resource","value":"fsh-generated/resources"},{"code":"path-pages","value":"template/config"},{"code":"path-pages","value":"input/images"},{"code":"path-tx-cache","value":"input-cache/txcache"}]}}