{"resourceType":"SearchParameter","id":"AllergyIntolerance-severity","text":{"status":"generated","div":"<div xmlns=\"http://www.w3.org/1999/xhtml\"><p class=\"res-header-id\"><b>Generated Narrative: SearchParameter AllergyIntolerance-severity</b></p><a name=\"AllergyIntolerance-severity\"> </a><a name=\"hcAllergyIntolerance-severity\"> </a><a name=\"AllergyIntolerance-severity-en-US\"> </a><h2>AllergyIntoleranceSeveritySearchParameter</h2><p>Parameter <code>severity</code>:<code>token</code></p><div><p>Searches for AllergyIntolerance based on the severity eg) /ws/fhir2/{release}/AllergyIntolerance?category={codeable concept}</p>\n</div><table class=\"grid\"><tr><td>Resource</td><td><a href=\"http://hl7.org/fhir/R4/allergyintolerance.html\">AllergyIntolerance</a></td></tr><tr><td>Expression</td><td>(none)</td></tr><tr><td>Target Resources</td><td><a href=\"http://hl7.org/fhir/R4/allergyintolerance.html\">AllergyIntolerance</a></td></tr><tr><td>Multiples</td><td><ul><li>multipleAnd: It's up to the server whether the parameter may repeat in order to specify multiple values that must all be true</li><li>multipleOr: It's up to the server whether the parameter can have multiple values (separated by comma) where at least one must be true</li></ul></td></tr></table></div>"},"url":"http://fhir.openmrs.org/core/SearchParameter/AllergyIntolerance-severity","version":"0.1.0","name":"AllergyIntoleranceSeveritySearchParameter","status":"active","date":"2024-12-11T17:18:42+00:00","contact":[{"name":"OpenMRS, Inc.","telecom":[{"system":"url","value":"https://openmrs.org"}]}],"description":"Searches for AllergyIntolerance based on the severity eg) /ws/fhir2/{release}/AllergyIntolerance?category={codeable concept}","code":"severity","base":["AllergyIntolerance"],"type":"token","target":["AllergyIntolerance"]}