{"resourceType":"SearchParameter","id":"observation-value-date","text":{"status":"generated","div":"<div xmlns=\"http://www.w3.org/1999/xhtml\"><h2>observationValueConceptSearchParameter</h2><p>Parameter <code>value-date</code>:<code>date</code></p><div><p>Searches for an observation whose value is a date by the specified date range. eg) /ws/fhir2/{release}/Observation?value-date={date}</p>\n</div><table class=\"grid\"><tr><td>Resource</td><td><a href=\"http://hl7.org/fhir/R4/observation.html\">Observation</a></td></tr><tr><td>Expression</td><td>(none)</td></tr><tr><td>Target Resources</td><td><a href=\"http://hl7.org/fhir/R4/observation.html\">Observation</a></td></tr><tr><td>Multiples</td><td>The parameter cannot repeat or have multiple values</td></tr></table></div>"},"url":"http://fhir.openmrs.org/fhir/SearchParameter/observation-value-date","version":"0.1.0","name":"observationValueConceptSearchParameter","status":"active","date":"2023-03-16T10:02:34+00:00","contact":[{"name":"OpenMRS, Inc.","telecom":[{"system":"url","value":"https://openmrs.org"}]}],"description":"Searches for an observation whose value is a date by the specified date range. eg) /ws/fhir2/{release}/Observation?value-date={date}","code":"value-date","base":["Observation"],"type":"date","target":["Observation"]}