{"resourceType":"SearchParameter","id":"location-name","text":{"status":"generated","div":"<div xmlns=\"http://www.w3.org/1999/xhtml\"><h2>LocationNameSearchParameter</h2><p>Parameter <code>name</code>:<code>string</code></p><div><p>Searches based on the name field for the location record eg) /ws/fhir2/{release}/Location?name={name}</p>\n</div><table class=\"grid\"><tr><td>Resource</td><td><a href=\"http://hl7.org/fhir/R4/location.html\">Location</a></td></tr><tr><td>Expression</td><td>(none)</td></tr><tr><td>Target Resources</td><td><a href=\"http://hl7.org/fhir/R4/location.html\">Location</a></td></tr><tr><td>Multiples</td><td>The parameter cannot repeat or have multiple values</td></tr></table></div>"},"url":"http://fhir.openmrs.org/fhir/SearchParameter/location-name","version":"0.1.0","name":"LocationNameSearchParameter","status":"active","date":"2023-03-16T10:02:34+00:00","contact":[{"name":"OpenMRS, Inc.","telecom":[{"system":"url","value":"https://openmrs.org"}]}],"description":"Searches based on the name field for the location record eg) /ws/fhir2/{release}/Location?name={name}","code":"name","base":["Location"],"type":"string","target":["Location"]}