{"resourceType":"SearchParameter","id":"observation-encounter","text":{"status":"generated","div":"<div xmlns=\"http://www.w3.org/1999/xhtml\"><p class=\"res-header-id\"><b>Generated Narrative: SearchParameter observation-encounter</b></p><a name=\"observation-encounter\"> </a><a name=\"hcobservation-encounter\"> </a><a name=\"observation-encounter-en-US\"> </a><h2>ObservationEncounterSearchParameter</h2><p>Parameter <code>encounter</code>:<code>token</code></p><div><p>Searches for observations by the observation encounter eg) /ws/fhir2/{release}/Observation?encounter.type={type}</p>\n</div><table class=\"grid\"><tr><td>Resource</td><td><a href=\"http://hl7.org/fhir/R4/observation.html\">Observation</a></td></tr><tr><td>Expression</td><td>(none)</td></tr><tr><td>Target Resources</td><td><a href=\"http://hl7.org/fhir/R4/observation.html\">Observation</a></td></tr><tr><td>Multiples</td><td><ul><li>multipleAnd: It's up to the server whether the parameter may repeat in order to specify multiple values that must all be true</li><li>multipleOr: It's up to the server whether the parameter can have multiple values (separated by comma) where at least one must be true</li></ul></td></tr></table></div>"},"url":"http://fhir.openmrs.org/core/SearchParameter/observation-encounter","version":"0.1.0","name":"ObservationEncounterSearchParameter","status":"active","date":"2024-12-11T17:18:42+00:00","contact":[{"name":"OpenMRS, Inc.","telecom":[{"system":"url","value":"https://openmrs.org"}]}],"description":"Searches for observations by the observation encounter eg) /ws/fhir2/{release}/Observation?encounter.type={type}","code":"encounter","base":["Observation"],"type":"token","target":["Observation"]}