{"resourceType":"SearchParameter","id":"serviceRequest-patient.given","text":{"status":"generated","div":"<div xmlns=\"http://www.w3.org/1999/xhtml\"><h2>serviceRequestPatientGivenNameSearchParameter</h2><p>Parameter <code>patient.given</code>:<code>string</code></p><div><p>Searches for serviceRequest based on the patient's given name(s) eg) /ws/fhir2/{release}/ServiceRequest?patient.given={givenName}</p>\n</div><table class=\"grid\"><tr><td>Resource</td><td><a href=\"http://hl7.org/fhir/R4/servicerequest.html\">ServiceRequest</a></td></tr><tr><td>Expression</td><td>(none)</td></tr><tr><td>Target Resources</td><td><a href=\"http://hl7.org/fhir/R4/servicerequest.html\">ServiceRequest</a></td></tr><tr><td>Multiples</td><td>The parameter cannot repeat or have multiple values</td></tr></table></div>"},"url":"http://fhir.openmrs.org/fhir/SearchParameter/serviceRequest-patient.given","version":"0.1.0","name":"serviceRequestPatientGivenNameSearchParameter","status":"active","date":"2023-03-16T10:02:34+00:00","contact":[{"name":"OpenMRS, Inc.","telecom":[{"system":"url","value":"https://openmrs.org"}]}],"description":"Searches for serviceRequest based on the patient's given name(s) eg) /ws/fhir2/{release}/ServiceRequest?patient.given={givenName}","code":"patient.given","base":["ServiceRequest"],"type":"string","target":["ServiceRequest"]}