{"resourceType":"SearchParameter","id":"condition-id","text":{"status":"generated","div":"<div xmlns=\"http://www.w3.org/1999/xhtml\"><h2>conditionIdSearchParameter</h2><p>Parameter <code>_id</code>:<code>token</code></p><div><p>Searches for condition based on service Uuid eg) /ws/fhir2/{release}/Condition?_id={uuid}</p>\n</div><table class=\"grid\"><tr><td>Resource</td><td><a href=\"http://hl7.org/fhir/R4/condition.html\">Condition</a></td></tr><tr><td>Expression</td><td>(none)</td></tr><tr><td>Target Resources</td><td><a href=\"http://hl7.org/fhir/R4/condition.html\">Condition</a></td></tr><tr><td>Multiples</td><td>The parameter cannot repeat or have multiple values</td></tr></table></div>"},"url":"http://fhir.openmrs.org/fhir/SearchParameter/condition-id","version":"0.1.0","name":"conditionIdSearchParameter","status":"active","date":"2023-03-16T10:02:34+00:00","contact":[{"name":"OpenMRS, Inc.","telecom":[{"system":"url","value":"https://openmrs.org"}]}],"description":"Searches for condition based on service Uuid eg) /ws/fhir2/{release}/Condition?_id={uuid}","code":"_id","base":["Condition"],"type":"token","target":["Condition"]}