{"resourceType":"SearchParameter","id":"Practitioner-identifier","text":{"status":"generated","div":"<div xmlns=\"http://www.w3.org/1999/xhtml\"><h2>PractitionerIdentifierSearchParameter</h2><p>Parameter <code>practitioner.identifier</code>:<code>token</code></p><div><p>Searches for Practitioner by a given Practitioner eg) /ws/fhir2/{release}/Practitioner?identifier={identifier}</p>\n</div><table class=\"grid\"><tr><td>Resource</td><td><a href=\"http://hl7.org/fhir/R4/practitioner.html\">Practitioner</a></td></tr><tr><td>Expression</td><td>(none)</td></tr><tr><td>Target Resources</td><td><a href=\"http://hl7.org/fhir/R4/practitioner.html\">Practitioner</a></td></tr><tr><td>Multiples</td><td>The parameter cannot repeat or have multiple values</td></tr></table></div>"},"url":"http://fhir.openmrs.org/fhir/SearchParameter/Practitioner-identifier","version":"0.1.0","name":"PractitionerIdentifierSearchParameter","status":"active","date":"2023-03-16T10:02:34+00:00","contact":[{"name":"OpenMRS, Inc.","telecom":[{"system":"url","value":"https://openmrs.org"}]}],"description":"Searches for Practitioner by a given Practitioner eg) /ws/fhir2/{release}/Practitioner?identifier={identifier}","code":"practitioner.identifier","base":["Practitioner"],"type":"token","target":["Practitioner"]}