{"resourceType":"SearchParameter","id":"serviceRequest-requester-given","text":{"status":"generated","div":"<div xmlns=\"http://www.w3.org/1999/xhtml\"><p class=\"res-header-id\"><b>Generated Narrative: SearchParameter serviceRequest-requester-given</b></p><a name=\"serviceRequest-requester-given\"> </a><a name=\"hcserviceRequest-requester-given\"> </a><a name=\"serviceRequest-requester-given-en-US\"> </a><h2>ServiceRequestRequesterGivenSearchParameter</h2><p>Parameter <code>requester.given</code>:<code>string</code></p><div><p>Searches for serviceRequest based on the Practitioner's given name(s) eg) /ws/fhir2/{release}/ServiceRequest?requester:Practitioner.given={givenName}</p>\n</div><table class=\"grid\"><tr><td>Resource</td><td><a href=\"http://hl7.org/fhir/R4/servicerequest.html\">ServiceRequest</a></td></tr><tr><td>Expression</td><td>(none)</td></tr><tr><td>Target Resources</td><td><a href=\"http://hl7.org/fhir/R4/servicerequest.html\">ServiceRequest</a></td></tr><tr><td>Multiples</td><td><ul><li>multipleAnd: It's up to the server whether the parameter may repeat in order to specify multiple values that must all be true</li><li>multipleOr: It's up to the server whether the parameter can have multiple values (separated by comma) where at least one must be true</li></ul></td></tr></table></div>"},"url":"http://fhir.openmrs.org/core/SearchParameter/serviceRequest-requester-given","version":"0.1.0","name":"ServiceRequestRequesterGivenSearchParameter","status":"active","date":"2024-12-11T17:18:42+00:00","contact":[{"name":"OpenMRS, Inc.","telecom":[{"system":"url","value":"https://openmrs.org"}]}],"description":"Searches for serviceRequest based on the Practitioner's given name(s) eg) /ws/fhir2/{release}/ServiceRequest?requester:Practitioner.given={givenName}","code":"requester.given","base":["ServiceRequest"],"type":"string","target":["ServiceRequest"]}