{"resourceType":"SearchParameter","id":"person-address-country","text":{"status":"generated","div":"<div xmlns=\"http://www.w3.org/1999/xhtml\"><h2>personCountrySearchParameter</h2><p>Parameter <code>address-country</code>:<code>string</code></p><div><p>Searches based on the person's recorded country of address eg) /ws/fhir2/{release}/Person?address-country={country}</p>\n</div><table class=\"grid\"><tr><td>Resource</td><td><a href=\"http://hl7.org/fhir/R4/person.html\">Person</a></td></tr><tr><td>Expression</td><td>(none)</td></tr><tr><td>Target Resources</td><td><a href=\"http://hl7.org/fhir/R4/person.html\">Person</a></td></tr><tr><td>Multiples</td><td>The parameter cannot repeat or have multiple values</td></tr></table></div>"},"url":"http://fhir.openmrs.org/fhir/SearchParameter/person-address-country","version":"0.1.0","name":"personCountrySearchParameter","status":"active","date":"2023-03-16T10:02:34+00:00","contact":[{"name":"OpenMRS, Inc.","telecom":[{"system":"url","value":"https://openmrs.org"}]}],"description":"Searches based on the person's recorded country of address eg) /ws/fhir2/{release}/Person?address-country={country}","code":"address-country","base":["Person"],"type":"string","target":["Person"]}