{"resourceType":"SearchParameter","id":"Encounter-type","text":{"status":"generated","div":"<div xmlns=\"http://www.w3.org/1999/xhtml\"><p class=\"res-header-id\"><b>Generated Narrative: SearchParameter Encounter-type</b></p><a name=\"Encounter-type\"> </a><a name=\"hcEncounter-type\"> </a><a name=\"Encounter-type-en-US\"> </a><h2>EncounterTypeSearchParameter</h2><p>Parameter <code>encounter.type</code>:<code>token</code></p><div><p>Searches for Encounter based on encounter type field eg) /ws/fhir2/{release}/Encounter?type={encounterType}</p>\n</div><table class=\"grid\"><tr><td>Resource</td><td><a href=\"http://hl7.org/fhir/R4/encounter.html\">Encounter</a></td></tr><tr><td>Expression</td><td>(none)</td></tr><tr><td>Target Resources</td><td><a href=\"http://hl7.org/fhir/R4/encounter.html\">Encounter</a></td></tr><tr><td>Multiples</td><td><ul><li>multipleAnd: It's up to the server whether the parameter may repeat in order to specify multiple values that must all be true</li><li>multipleOr: It's up to the server whether the parameter can have multiple values (separated by comma) where at least one must be true</li></ul></td></tr></table></div>"},"url":"http://fhir.openmrs.org/core/SearchParameter/Encounter-type","version":"0.1.0","name":"EncounterTypeSearchParameter","status":"active","date":"2024-12-11T17:18:42+00:00","contact":[{"name":"OpenMRS, Inc.","telecom":[{"system":"url","value":"https://openmrs.org"}]}],"description":"Searches for Encounter based on encounter type field eg) /ws/fhir2/{release}/Encounter?type={encounterType}","code":"encounter.type","base":["Encounter"],"type":"token","target":["Encounter"]}