{"resourceType":"SearchParameter","id":"MedicationRequest-requestor","text":{"status":"generated","div":"<div xmlns=\"http://www.w3.org/1999/xhtml\"><p class=\"res-header-id\"><b>Generated Narrative: SearchParameter MedicationRequest-requestor</b></p><a name=\"MedicationRequest-requestor\"> </a><a name=\"hcMedicationRequest-requestor\"> </a><a name=\"MedicationRequest-requestor-en-US\"> </a><h2>MedicationRequestRequestorSearchParameter</h2><p>Parameter <code>requestor</code>:<code>reference</code></p><div><p>Searches for MedicationRequest by a given Practitioner Reference uuid eg) /ws/fhir2/{release}/MedicationRequest?requestor={Uuid}</p>\n</div><table class=\"grid\"><tr><td>Resource</td><td><a href=\"http://hl7.org/fhir/R4/medicationrequest.html\">MedicationRequest</a></td></tr><tr><td>Expression</td><td>(none)</td></tr><tr><td>Target Resources</td><td><a href=\"http://hl7.org/fhir/R4/medicationrequest.html\">MedicationRequest</a></td></tr><tr><td>Multiples</td><td><ul><li>multipleAnd: It's up to the server whether the parameter may repeat in order to specify multiple values that must all be true</li><li>multipleOr: It's up to the server whether the parameter can have multiple values (separated by comma) where at least one must be true</li></ul></td></tr></table></div>"},"url":"http://fhir.openmrs.org/core/SearchParameter/MedicationRequest-requestor","version":"0.1.0","name":"MedicationRequestRequestorSearchParameter","status":"active","date":"2024-12-11T17:18:42+00:00","contact":[{"name":"OpenMRS, Inc.","telecom":[{"system":"url","value":"https://openmrs.org"}]}],"description":"Searches for MedicationRequest by a given Practitioner Reference uuid eg) /ws/fhir2/{release}/MedicationRequest?requestor={Uuid}","code":"requestor","base":["MedicationRequest"],"type":"reference","target":["MedicationRequest"]}