{"resourceType":"SearchParameter","id":"serviceRequest-occurrence","text":{"status":"generated","div":"<div xmlns=\"http://www.w3.org/1999/xhtml\"><p class=\"res-header-id\"><b>Generated Narrative: SearchParameter serviceRequest-occurrence</b></p><a name=\"serviceRequest-occurrence\"> </a><a name=\"hcserviceRequest-occurrence\"> </a><a name=\"serviceRequest-occurrence-en-US\"> </a><h2>ServiceRequestOccurrenceSearchParameter</h2><p>Parameter <code>occurrence</code>:<code>date</code></p><div><p>Searches for serviceRequest based on to occurrent date eg) /ws/fhir2/{release}/ServiceRequest?occurrence={date}</p>\n</div><table class=\"grid\"><tr><td>Resource</td><td><a href=\"http://hl7.org/fhir/R4/servicerequest.html\">ServiceRequest</a></td></tr><tr><td>Expression</td><td>(none)</td></tr><tr><td>Target Resources</td><td><a href=\"http://hl7.org/fhir/R4/servicerequest.html\">ServiceRequest</a></td></tr><tr><td>Multiples</td><td><ul><li>multipleAnd: It's up to the server whether the parameter may repeat in order to specify multiple values that must all be true</li><li>multipleOr: It's up to the server whether the parameter can have multiple values (separated by comma) where at least one must be true</li></ul></td></tr></table></div>"},"url":"http://fhir.openmrs.org/core/SearchParameter/serviceRequest-occurrence","version":"0.1.0","name":"ServiceRequestOccurrenceSearchParameter","status":"active","date":"2024-12-11T17:18:42+00:00","contact":[{"name":"OpenMRS, Inc.","telecom":[{"system":"url","value":"https://openmrs.org"}]}],"description":"Searches for serviceRequest based on to occurrent date eg) /ws/fhir2/{release}/ServiceRequest?occurrence={date}","code":"occurrence","base":["ServiceRequest"],"type":"date","target":["ServiceRequest"]}