{"resourceType":"SearchParameter","id":"Encounter-participant.given","text":{"status":"generated","div":"<div xmlns=\"http://www.w3.org/1999/xhtml\"><h2>EncounterParticipantGivenNameSearchParameter</h2><p>Parameter <code>participant.given</code>:<code>string</code></p><div><p>Searches for Encounters based on the Practitioner's given name(s) eg) /ws/fhir2/{release}/Encounter?participant.given={givenName}</p>\n</div><table class=\"grid\"><tr><td>Resource</td><td><a href=\"http://hl7.org/fhir/R4/encounter.html\">Encounter</a></td></tr><tr><td>Expression</td><td>(none)</td></tr><tr><td>Target Resources</td><td><a href=\"http://hl7.org/fhir/R4/encounter.html\">Encounter</a></td></tr><tr><td>Multiples</td><td>The parameter cannot repeat or have multiple values</td></tr></table></div>"},"url":"http://fhir.openmrs.org/fhir/SearchParameter/Encounter-participant.given","version":"0.1.0","name":"EncounterParticipantGivenNameSearchParameter","status":"active","date":"2023-03-16T10:02:34+00:00","contact":[{"name":"OpenMRS, Inc.","telecom":[{"system":"url","value":"https://openmrs.org"}]}],"description":"Searches for Encounters based on the Practitioner's given name(s) eg) /ws/fhir2/{release}/Encounter?participant.given={givenName}","code":"participant.given","base":["Encounter"],"type":"string","target":["Encounter"]}