{"resourceType":"SearchParameter","id":"serviceRequest-subject-family","text":{"status":"generated","div":"<div xmlns=\"http://www.w3.org/1999/xhtml\"><h2>serviceRequestSubjectfamilySearchParameter</h2><p>Parameter <code>subject.family</code>:<code>string</code></p><div><pre><code>Searches for serviceRequest based on the patient's family name eg) /ws/fhir2/{release}/ServiceRequest?subject:Patient.family={familyName}\n</code></pre>\n</div><table class=\"grid\"><tr><td>Resource</td><td><a href=\"http://hl7.org/fhir/R4/servicerequest.html\">ServiceRequest</a></td></tr><tr><td>Expression</td><td>(none)</td></tr><tr><td>Target Resources</td><td><a href=\"http://hl7.org/fhir/R4/servicerequest.html\">ServiceRequest</a></td></tr><tr><td>Multiples</td><td>The parameter cannot repeat or have multiple values</td></tr></table></div>"},"url":"http://fhir.openmrs.org/fhir/SearchParameter/serviceRequest-subject-family","version":"0.1.0","name":"serviceRequestSubjectfamilySearchParameter","status":"active","date":"2023-03-16T10:02:34+00:00","contact":[{"name":"OpenMRS, Inc.","telecom":[{"system":"url","value":"https://openmrs.org"}]}],"description":"\tSearches for serviceRequest based on the patient's family name eg) /ws/fhir2/{release}/ServiceRequest?subject:Patient.family={familyName}","code":"subject.family","base":["ServiceRequest"],"type":"string","target":["ServiceRequest"]}