{"resourceType":"SearchParameter","id":"observation-encounter","text":{"status":"generated","div":"<div xmlns=\"http://www.w3.org/1999/xhtml\"><h2>observationEncounterSearchParameter</h2><p>Parameter <code>encounter</code>:<code>token</code></p><div><p>Searches for observations by the observation encounter eg) /ws/fhir2/{release}/Observation?encounter.type={type}</p>\n</div><table class=\"grid\"><tr><td>Resource</td><td><a href=\"http://hl7.org/fhir/R4/observation.html\">Observation</a></td></tr><tr><td>Expression</td><td>(none)</td></tr><tr><td>Target Resources</td><td><a href=\"http://hl7.org/fhir/R4/observation.html\">Observation</a></td></tr><tr><td>Multiples</td><td>The parameter cannot repeat or have multiple values</td></tr></table></div>"},"url":"http://fhir.openmrs.org/fhir/SearchParameter/observation-encounter","version":"0.1.0","name":"observationEncounterSearchParameter","status":"active","date":"2023-03-16T10:02:34+00:00","contact":[{"name":"OpenMRS, Inc.","telecom":[{"system":"url","value":"https://openmrs.org"}]}],"description":"Searches for observations by the observation encounter eg) /ws/fhir2/{release}/Observation?encounter.type={type}","code":"encounter","base":["Observation"],"type":"token","target":["Observation"]}