{"resourceType":"SearchParameter","id":"patient-death-date","text":{"status":"generated","div":"<div xmlns=\"http://www.w3.org/1999/xhtml\"><p class=\"res-header-id\"><b>Generated Narrative: SearchParameter patient-death-date</b></p><a name=\"patient-death-date\"> </a><a name=\"hcpatient-death-date\"> </a><a name=\"patient-death-date-en-US\"> </a><h2>PatientDeathDateSearchParameter</h2><p>Parameter <code>death-date</code>:<code>date</code></p><div><p>Searches based on the death date of the patient (if any) eg) /ws/fhir2/{release}/Patient?death-date={date}</p>\n</div><table class=\"grid\"><tr><td>Resource</td><td><a href=\"http://hl7.org/fhir/R4/patient.html\">Patient</a></td></tr><tr><td>Expression</td><td>(none)</td></tr><tr><td>Target Resources</td><td><a href=\"http://hl7.org/fhir/R4/patient.html\">Patient</a></td></tr><tr><td>Multiples</td><td><ul><li>multipleAnd: It's up to the server whether the parameter may repeat in order to specify multiple values that must all be true</li><li>multipleOr: It's up to the server whether the parameter can have multiple values (separated by comma) where at least one must be true</li></ul></td></tr></table></div>"},"url":"http://fhir.openmrs.org/core/SearchParameter/patient-death-date","version":"0.1.0","name":"PatientDeathDateSearchParameter","status":"active","date":"2024-12-11T17:18:42+00:00","contact":[{"name":"OpenMRS, Inc.","telecom":[{"system":"url","value":"https://openmrs.org"}]}],"description":"Searches based on the death date of the patient (if any) eg) /ws/fhir2/{release}/Patient?death-date={date}","code":"death-date","base":["Patient"],"type":"date","target":["Patient"]}