{"resourceType":"SearchParameter","id":"AllergyIntolerance-id","text":{"status":"generated","div":"<div xmlns=\"http://www.w3.org/1999/xhtml\"><h2>AllergyIntoleranceIdSearchParameter</h2><p>Parameter <code>_id</code>:<code>token</code></p><div><p>Searches based on the AllergyIntolerance uuid field for the AllergyIntolerance record eg) /ws/fhir2/{release}}/AllergyIntolerance?_id={uuid}</p>\n</div><table class=\"grid\"><tr><td>Resource</td><td><a href=\"http://hl7.org/fhir/R4/allergyintolerance.html\">AllergyIntolerance</a></td></tr><tr><td>Expression</td><td>(none)</td></tr><tr><td>Target Resources</td><td><a href=\"http://hl7.org/fhir/R4/allergyintolerance.html\">AllergyIntolerance</a></td></tr><tr><td>Multiples</td><td>The parameter cannot repeat or have multiple values</td></tr></table></div>"},"url":"http://fhir.openmrs.org/fhir/SearchParameter/AllergyIntolerance-id","version":"0.1.0","name":"AllergyIntoleranceIdSearchParameter","status":"active","date":"2023-03-16T10:02:34+00:00","contact":[{"name":"OpenMRS, Inc.","telecom":[{"system":"url","value":"https://openmrs.org"}]}],"description":"Searches based on the AllergyIntolerance uuid field for the AllergyIntolerance record eg) /ws/fhir2/{release}}/AllergyIntolerance?_id={uuid}","code":"_id","base":["AllergyIntolerance"],"type":"token","target":["AllergyIntolerance"]}