{"resourceType":"ValueSet","id":"OpenMRS-order-code-vs","text":{"status":"generated","div":"<div xmlns=\"http://www.w3.org/1999/xhtml\"><p class=\"res-header-id\"><b>Generated Narrative: ValueSet OpenMRS-order-code-vs</b></p><a name=\"OpenMRS-order-code-vs\"> </a><a name=\"hcOpenMRS-order-code-vs\"> </a><a name=\"OpenMRS-order-code-vs-en-US\"> </a><ul><li>Include all codes defined in <a href=\"http://loinc.org\"><code>http://loinc.org</code></a></li></ul></div>"},"url":"http://fhir.openmrs.org/core/ValueSet/OpenMRS-order-code-vs","version":"0.1.0","name":"OpenMRSOrderCodeVS","title":"OpenMRS Order Code","status":"active","experimental":true,"date":"2024-12-11T17:18:42+00:00","contact":[{"name":"OpenMRS, Inc.","telecom":[{"system":"url","value":"https://openmrs.org"}]}],"description":"The code for the openmrs requested in the EMR.","compose":{"include":[{"system":"http://loinc.org"}]}}