{
  "resourceType" : "AllergyIntolerance",
  "id" : "5b829d01-34bb-47d1-b1bb-9303c3a9ebc",
  "meta" : {
    "profile" : ["http://fhir.openmrs.org/core/StructureDefinition/omrs-AllergyIntolerance"]
  },
  "text" : {
    "status" : "generated",
    "div" : "<div xmlns=\"http://www.w3.org/1999/xhtml\"><p><b>Generated Narrative: AllergyIntolerance</b><a name=\"5b829d01-34bb-47d1-b1bb-9303c3a9ebc\"> </a></p><div style=\"display: inline-block; background-color: #d9e0e7; padding: 6px; margin: 4px; border: 1px solid #8da1b4; border-radius: 5px; line-height: 60%\"><p style=\"margin-bottom: 0px\">Resource AllergyIntolerance &quot;5b829d01-34bb-47d1-b1bb-9303c3a9ebc&quot; </p><p style=\"margin-bottom: 0px\">Profile: <a href=\"StructureDefinition-omrs-AllergyIntolerance.html\">OpenMRS AllergyIntolerance</a></p></div><p><b>identifier</b>: id:\u00a0dce9740a-1691-11df-97a5-7038c432aabf</p><p><b>clinicalStatus</b>: active <span style=\"background: LightGoldenRodYellow; margin: 4px; border: 1px solid khaki\"> (<a href=\"http://terminology.hl7.org/5.3.0/CodeSystem-allergyintolerance-clinical.html\">AllergyIntolerance Clinical Status Codes</a>#active)</span></p><p><b>patient</b>: <a href=\"Patient-example-openmrs-Patient.html\">Patient/example-openmrs-Patient</a> &quot; JEANNETTE&quot;</p><p><b>recorder</b>: <a href=\"Practitioner-7a9e2727-11ee-47ae-8af5-1dcf5337f7c2.html\">Practitioner/7a9e2727-11ee-47ae-8af5-1dcf5337f7c2: Super User</a> &quot; CAREFUL&quot;</p><h3>Reactions</h3><table class=\"grid\"><tr><td style=\"display: none\">-</td><td><b>Substance</b></td><td><b>Manifestation</b></td><td><b>Severity</b></td></tr><tr><td style=\"display: none\">*</td><td>162298 <span style=\"background: LightGoldenRodYellow; margin: 4px; border: 1px solid khaki\"> (CIEL#162298)</span></td><td>Cholesterol in LDL [Moles/volume] in Serum or Plasma <span style=\"background: LightGoldenRodYellow; margin: 4px; border: 1px solid khaki\"> (<a href=\"https://loinc.org/\">LOINC</a>#22748-8)</span></td><td>mild</td></tr></table></div>"
  },
  "identifier" : [{
    "system" : "http://fhir.openmrs.org/code-system/allergyID",
    "value" : "dce9740a-1691-11df-97a5-7038c432aabf"
  }],
  "clinicalStatus" : {
    "coding" : [{
      "system" : "http://terminology.hl7.org/CodeSystem/allergyintolerance-clinical",
      "code" : "active",
      "display" : "active"
    }]
  },
  "patient" : {
    "reference" : "Patient/example-openmrs-Patient",
    "type" : "Patient"
  },
  "recorder" : {
    "reference" : "Practitioner/7a9e2727-11ee-47ae-8af5-1dcf5337f7c2",
    "type" : "Practitioner",
    "display" : "Super User"
  },
  "reaction" : [{
    "substance" : {
      "coding" : [{
        "system" : "https://openconceptlab.org/orgs/CIEL/sources/CIEL",
        "code" : "162298"
      }]
    },
    "manifestation" : [{
      "coding" : [{
        "system" : "http://loinc.org",
        "code" : "22748-8"
      }]
    }],
    "severity" : "mild"
  }]
}