{
  "resourceType" : "SearchParameter",
  "id" : "serviceRequest-requester-identifier",
  "text" : {
    "status" : "generated",
    "div" : "<div xmlns=\"http://www.w3.org/1999/xhtml\"><h2>ServiceRequestRequesterIdentifierSearchParameter</h2><p>Parameter <code>requester.identifier</code>:<code>token</code></p><div><p>Searches for serviceRequest by the Practitioner identifier eg) /ws/fhir2/{release}/ServiceRequest?requester:Practitioner.identifier={identifier}</p>\n</div><table class=\"grid\"><tr><td>Resource</td><td><a href=\"http://hl7.org/fhir/R4/servicerequest.html\">ServiceRequest</a></td></tr><tr><td>Expression</td><td>(none)</td></tr><tr><td>Target Resources</td><td><a href=\"http://hl7.org/fhir/R4/servicerequest.html\">ServiceRequest</a></td></tr><tr><td>Multiples</td><td><ul><li>multipleAnd: It's up to the server whether the parameter may repeat in order to specify multiple values that must all be true</li><li>multipleOr: It's up to the server whether the parameter can have multiple values (separated by comma) where at least one must be true</li></ul></td></tr></table></div>"
  },
  "url" : "http://fhir.openmrs.org/core/SearchParameter/serviceRequest-requester-identifier",
  "version" : "0.1.0",
  "name" : "ServiceRequestRequesterIdentifierSearchParameter",
  "status" : "active",
  "date" : "2023-12-08T16:41:46+00:00",
  "contact" : [{
    "name" : "OpenMRS, Inc.",
    "telecom" : [{
      "system" : "url",
      "value" : "https://openmrs.org"
    }]
  }],
  "description" : "Searches for serviceRequest by the Practitioner identifier eg) /ws/fhir2/{release}/ServiceRequest?requester:Practitioner.identifier={identifier}",
  "code" : "requester.identifier",
  "base" : ["ServiceRequest"],
  "type" : "token",
  "target" : ["ServiceRequest"]
}