{
  "resourceType" : "SearchParameter",
  "id" : "condition-clinical-status",
  "text" : {
    "status" : "generated",
    "div" : "<div xmlns=\"http://www.w3.org/1999/xhtml\"><h2>ConditionClinicalStatusSearchParameter</h2><p>Parameter <code>clinical-status</code>:<code>token</code></p><div><p>Searches for condition based on the condition clinical status concept eg) /ws/fhir2/{release}/Condition?clinical-status={codeable concept}</p>\n</div><table class=\"grid\"><tr><td>Resource</td><td><a href=\"http://hl7.org/fhir/R4/condition.html\">Condition</a></td></tr><tr><td>Expression</td><td>(none)</td></tr><tr><td>Target Resources</td><td><a href=\"http://hl7.org/fhir/R4/condition.html\">Condition</a></td></tr><tr><td>Multiples</td><td><ul><li>multipleAnd: It's up to the server whether the parameter may repeat in order to specify multiple values that must all be true</li><li>multipleOr: It's up to the server whether the parameter can have multiple values (separated by comma) where at least one must be true</li></ul></td></tr></table></div>"
  },
  "url" : "http://fhir.openmrs.org/core/SearchParameter/condition-clinical-status",
  "version" : "0.1.0",
  "name" : "ConditionClinicalStatusSearchParameter",
  "status" : "active",
  "date" : "2023-12-08T16:41:46+00:00",
  "contact" : [{
    "name" : "OpenMRS, Inc.",
    "telecom" : [{
      "system" : "url",
      "value" : "https://openmrs.org"
    }]
  }],
  "description" : "Searches for condition based on the condition clinical status concept eg) /ws/fhir2/{release}/Condition?clinical-status={codeable concept}",
  "code" : "clinical-status",
  "base" : ["Condition"],
  "type" : "token",
  "target" : ["Condition"]
}