{
  "resourceType" : "SearchParameter",
  "id" : "Condition-requester-given",
  "text" : {
    "status" : "generated",
    "div" : "<div xmlns=\"http://www.w3.org/1999/xhtml\"><p class=\"res-header-id\"><b>Generated Narrative: SearchParameter Condition-requester-given</b></p><a name=\"Condition-requester-given\"> </a><a name=\"hcCondition-requester-given\"> </a><a name=\"Condition-requester-given-en-US\"> </a><h2>ConditionRequesterGivenSearchParameter</h2><p>Parameter <code>requester.given</code>:<code>string</code></p><div><p>Searches for condition based on the Practitioner's given name(s) eg) /ws/fhir2/{release}/Condition?requester:Practitioner.given={givenName}</p>\n</div><table class=\"grid\"><tr><td>Resource</td><td><a href=\"http://hl7.org/fhir/R4/condition.html\">Condition</a></td></tr><tr><td>Expression</td><td>(none)</td></tr><tr><td>Target Resources</td><td><a href=\"http://hl7.org/fhir/R4/condition.html\">Condition</a></td></tr><tr><td>Multiples</td><td><ul><li>multipleAnd: It's up to the server whether the parameter may repeat in order to specify multiple values that must all be true</li><li>multipleOr: It's up to the server whether the parameter can have multiple values (separated by comma) where at least one must be true</li></ul></td></tr></table></div>"
  },
  "url" : "http://fhir.openmrs.org/core/SearchParameter/Condition-requester-given",
  "version" : "0.1.0",
  "name" : "ConditionRequesterGivenSearchParameter",
  "status" : "active",
  "date" : "2024-12-11T17:18:42+00:00",
  "contact" : [{
    "name" : "OpenMRS, Inc.",
    "telecom" : [{
      "system" : "url",
      "value" : "https://openmrs.org"
    }]
  }],
  "description" : "Searches for condition based on the Practitioner's given name(s) eg) /ws/fhir2/{release}/Condition?requester:Practitioner.given={givenName}",
  "code" : "requester.given",
  "base" : ["Condition"],
  "type" : "string",
  "target" : ["Condition"]
}