{
  "resourceType" : "SearchParameter",
  "id" : "serviceRequest-encounter",
  "text" : {
    "status" : "generated",
    "div" : "<div xmlns=\"http://www.w3.org/1999/xhtml\"><p><b>Generated Narrative: SearchParameter</b><a name=\"serviceRequest-encounter\"> </a></p><div style=\"display: inline-block; background-color: #d9e0e7; padding: 6px; margin: 4px; border: 1px solid #8da1b4; border-radius: 5px; line-height: 60%\"><p style=\"margin-bottom: 0px\">Resource SearchParameter &quot;serviceRequest-encounter&quot; </p></div><p><b>url</b>: <code>http://fhir.openmrs.org/fhir/SearchParameter/serviceRequest-encounter</code></p><p><b>version</b>: 0.1.0</p><p><b>name</b>: serviceRequestEncounterSearchParameter</p><p><b>status</b>: active</p><p><b>date</b>: 2022-12-30 12:43:23+0000</p><p><b>contact</b>: OpenMRS, Inc.: <a href=\"https://openmrs.org\">https://openmrs.org</a></p><p><b>description</b>: Searches for serviceRequest based on the serviceRequest encounter Uuid eg) /ws/fhir2/{release}/ServiceRequest?encounter={uuid}</p><p><b>code</b>: code</p><p><b>base</b>: ServiceRequest</p><p><b>type</b>: reference</p><p><b>target</b>: OpenMRSServiceRequest</p></div>"
  },
  "url" : "http://fhir.openmrs.org/fhir/SearchParameter/serviceRequest-encounter",
  "version" : "0.1.0",
  "name" : "serviceRequestEncounterSearchParameter",
  "status" : "active",
  "date" : "2022-12-30T12:43:23+00:00",
  "contact" : [{
    "name" : "OpenMRS, Inc.",
    "telecom" : [{
      "system" : "url",
      "value" : "https://openmrs.org"
    }]
  }],
  "description" : "Searches for serviceRequest based on the serviceRequest encounter Uuid eg) /ws/fhir2/{release}/ServiceRequest?encounter={uuid}",
  "code" : "code",
  "base" : ["ServiceRequest"],
  "type" : "reference",
  "target" : ["OpenMRSServiceRequest"]
}