{
  "resourceType" : "SearchParameter",
  "id" : "observation-subject-family",
  "text" : {
    "status" : "generated",
    "div" : "<div xmlns=\"http://www.w3.org/1999/xhtml\"><p class=\"res-header-id\"><b>Generated Narrative: SearchParameter observation-subject-family</b></p><a name=\"observation-subject-family\"> </a><a name=\"hcobservation-subject-family\"> </a><a name=\"observation-subject-family-en-US\"> </a><h2>ObservationSubjectfamilySearchParameter</h2><p>Parameter <code>subject.family</code>:<code>string</code></p><div><pre><code>Searches for observations based on the patient's family name eg) /ws/fhir2/{release}/Observation?subject:Patient.family={familyName}\n</code></pre>\n</div><table class=\"grid\"><tr><td>Resource</td><td><a href=\"http://hl7.org/fhir/R4/observation.html\">Observation</a></td></tr><tr><td>Expression</td><td>(none)</td></tr><tr><td>Target Resources</td><td><a href=\"http://hl7.org/fhir/R4/observation.html\">Observation</a></td></tr><tr><td>Multiples</td><td><ul><li>multipleAnd: It's up to the server whether the parameter may repeat in order to specify multiple values that must all be true</li><li>multipleOr: It's up to the server whether the parameter can have multiple values (separated by comma) where at least one must be true</li></ul></td></tr></table></div>"
  },
  "url" : "http://fhir.openmrs.org/core/SearchParameter/observation-subject-family",
  "version" : "0.1.0",
  "name" : "ObservationSubjectfamilySearchParameter",
  "status" : "active",
  "date" : "2024-12-11T17:18:42+00:00",
  "contact" : [{
    "name" : "OpenMRS, Inc.",
    "telecom" : [{
      "system" : "url",
      "value" : "https://openmrs.org"
    }]
  }],
  "description" : "\tSearches for observations based on the patient's family name eg) /ws/fhir2/{release}/Observation?subject:Patient.family={familyName}",
  "code" : "subject.family",
  "base" : ["Observation"],
  "type" : "string",
  "target" : ["Observation"]
}