{
  "resourceType" : "SearchParameter",
  "id" : "location-address-city",
  "text" : {
    "status" : "generated",
    "div" : "<div xmlns=\"http://www.w3.org/1999/xhtml\"><p><b>Generated Narrative: SearchParameter</b><a name=\"location-address-city\"> </a></p><div style=\"display: inline-block; background-color: #d9e0e7; padding: 6px; margin: 4px; border: 1px solid #8da1b4; border-radius: 5px; line-height: 60%\"><p style=\"margin-bottom: 0px\">Resource SearchParameter &quot;location-address-city&quot; </p></div><p><b>url</b>: <code>http://fhir.openmrs.org/fhir/SearchParameter/location-address-city</code></p><p><b>version</b>: 0.1.0</p><p><b>name</b>: LocationCitySearchParameter</p><p><b>status</b>: active</p><p><b>date</b>: 2022-12-30 12:43:23+0000</p><p><b>contact</b>: OpenMRS, Inc.: <a href=\"https://openmrs.org\">https://openmrs.org</a></p><p><b>description</b>: Searches based on the address-city field for the location record eg) /ws/fhir2/{release}/Location?address-city={city}</p><p><b>code</b>: address-city</p><p><b>base</b>: Location</p><p><b>type</b>: string</p><p><b>target</b>: OMRSLocation</p></div>"
  },
  "url" : "http://fhir.openmrs.org/fhir/SearchParameter/location-address-city",
  "version" : "0.1.0",
  "name" : "LocationCitySearchParameter",
  "status" : "active",
  "date" : "2022-12-30T12:43:23+00:00",
  "contact" : [{
    "name" : "OpenMRS, Inc.",
    "telecom" : [{
      "system" : "url",
      "value" : "https://openmrs.org"
    }]
  }],
  "description" : "Searches based on the address-city field for the location record eg) /ws/fhir2/{release}/Location?address-city={city}",
  "code" : "address-city",
  "base" : ["Location"],
  "type" : "string",
  "target" : ["OMRSLocation"]
}