{
  "resourceType" : "SearchParameter",
  "id" : "group-Search-entity-paramenter",
  "text" : {
    "status" : "generated",
    "div" : "<div xmlns=\"http://www.w3.org/1999/xhtml\"><p><b>Generated Narrative: SearchParameter</b><a name=\"group-Search-entity-paramenter\"> </a></p><div style=\"display: inline-block; background-color: #d9e0e7; padding: 6px; margin: 4px; border: 1px solid #8da1b4; border-radius: 5px; line-height: 60%\"><p style=\"margin-bottom: 0px\">Resource SearchParameter &quot;group-Search-entity-paramenter&quot; </p></div><p><b>url</b>: <code>http://fhir.openmrs.org/fhir/SearchParameter/group-Search-entity-paramenter</code></p><p><b>version</b>: 0.1.0</p><p><b>name</b>: GroupManagingEnityReference</p><p><b>status</b>: active</p><p><b>date</b>: 2022-12-30 12:43:23+0000</p><p><b>contact</b>: OpenMRS, Inc.: <a href=\"https://openmrs.org\">https://openmrs.org</a></p><p><b>description</b>: Search for a group  basing on managing entity Reference(Practitioner)</p><p><b>code</b>: reference</p><p><b>base</b>: OMRSGroup</p><p><b>type</b>: reference</p><p><b>expression</b>: Group.member.entity</p></div>"
  },
  "url" : "http://fhir.openmrs.org/fhir/SearchParameter/group-Search-entity-paramenter",
  "version" : "0.1.0",
  "name" : "GroupManagingEnityReference",
  "status" : "active",
  "date" : "2022-12-30T12:43:23+00:00",
  "contact" : [{
    "name" : "OpenMRS, Inc.",
    "telecom" : [{
      "system" : "url",
      "value" : "https://openmrs.org"
    }]
  }],
  "description" : "Search for a group  basing on managing entity Reference(Practitioner)",
  "code" : "reference",
  "base" : ["OMRSGroup"],
  "type" : "reference",
  "expression" : "Group.member.entity"
}