{
  "resourceType" : "SearchParameter",
  "id" : "person-lastUpdated",
  "text" : {
    "status" : "generated",
    "div" : "<div xmlns=\"http://www.w3.org/1999/xhtml\"><p class=\"res-header-id\"><b>Generated Narrative: SearchParameter person-lastUpdated</b></p><a name=\"person-lastUpdated\"> </a><a name=\"hcperson-lastUpdated\"> </a><a name=\"person-lastUpdated-en-US\"> </a><h2>PersonLastUpdatedSearchParameter</h2><p>Parameter <code>_lastUpdated</code>:<code>date</code></p><div><p>Searches based on the the dateCreated or dateUpdated field for the person record eg) /ws/fhir2/{release}/Person?_lastUpdated={date-range}</p>\n</div><table class=\"grid\"><tr><td>Resource</td><td><a href=\"http://hl7.org/fhir/R4/person.html\">Person</a></td></tr><tr><td>Expression</td><td>(none)</td></tr><tr><td>Target Resources</td><td><a href=\"http://hl7.org/fhir/R4/person.html\">Person</a></td></tr><tr><td>Multiples</td><td><ul><li>multipleAnd: It's up to the server whether the parameter may repeat in order to specify multiple values that must all be true</li><li>multipleOr: It's up to the server whether the parameter can have multiple values (separated by comma) where at least one must be true</li></ul></td></tr></table></div>"
  },
  "url" : "http://fhir.openmrs.org/core/SearchParameter/person-lastUpdated",
  "version" : "0.1.0",
  "name" : "PersonLastUpdatedSearchParameter",
  "status" : "active",
  "date" : "2024-12-11T17:18:42+00:00",
  "contact" : [{
    "name" : "OpenMRS, Inc.",
    "telecom" : [{
      "system" : "url",
      "value" : "https://openmrs.org"
    }]
  }],
  "description" : "Searches based on the the dateCreated or dateUpdated field for the person record eg) /ws/fhir2/{release}/Person?_lastUpdated={date-range}",
  "code" : "_lastUpdated",
  "base" : ["Person"],
  "type" : "date",
  "target" : ["Person"]
}