{
  "resourceType" : "ServiceRequest",
  "id" : "caec0cba-3802-4b70-a6dd-2eb064450763",
  "meta" : {
    "profile" : ["http://fhir.openmrs.org/core/StructureDefinition/OpenMRS-service-request"]
  },
  "text" : {
    "status" : "generated",
    "div" : "<div xmlns=\"http://www.w3.org/1999/xhtml\"><p class=\"res-header-id\"><b>Generated Narrative: ServiceRequest caec0cba-3802-4b70-a6dd-2eb064450763</b></p><a name=\"caec0cba-3802-4b70-a6dd-2eb064450763\"> </a><a name=\"hccaec0cba-3802-4b70-a6dd-2eb064450763\"> </a><a name=\"caec0cba-3802-4b70-a6dd-2eb064450763-en-US\"> </a><p><b>status</b>: Completed</p><p><b>intent</b>: Order</p><p><b>code</b>: <span title=\"Codes:{http://loinc.org 75622-1}\">HIV 1 and 2 tests - Meaningful Use set</span></p><p><b>subject</b>: <a href=\"Patient-example-openmrs-Patient.html\">Ricky Jeannette  Male, DoB: 1996-12-12 ( OpenMRS ID:\u00a04343534\u00a0(use:\u00a0official,\u00a0))</a></p><p><b>occurrence</b>: 2014-08-16</p><p><b>requester</b>: <a href=\"Practitioner-7a9e2727-11ee-47ae-8af5-1dcf5337f7c2.html\">Practitioner Adam Careful </a></p><p><b>performer</b>: <a href=\"Patient-example-openmrs-Patient.html\">Ricky Jeannette  Male, DoB: 1996-12-12 ( OpenMRS ID:\u00a04343534\u00a0(use:\u00a0official,\u00a0))</a></p></div>"
  },
  "status" : "completed",
  "intent" : "order",
  "code" : {
    "coding" : [{
      "system" : "http://loinc.org",
      "code" : "75622-1"
    }]
  },
  "subject" : {
    "reference" : "Patient/example-openmrs-Patient"
  },
  "occurrenceDateTime" : "2014-08-16",
  "requester" : {
    "reference" : "Practitioner/7a9e2727-11ee-47ae-8af5-1dcf5337f7c2"
  },
  "performer" : [{
    "reference" : "Patient/example-openmrs-Patient"
  }]
}