{
  "resourceType" : "ValueSet",
  "id" : "valueset-immunization-status",
  "text" : {
    "status" : "generated",
    "div" : "<div xmlns=\"http://www.w3.org/1999/xhtml\"><ul><li>Include these codes as defined in <code>https://fhir.openmrs.org/fhir/valueset-immunization-status</code><table class=\"none\"><tr><td style=\"white-space:nowrap\"><b>Code</b></td><td><b>Display</b></td></tr><tr><td>completed</td><td>completed</td></tr><tr><td>entered-in-error</td><td>entered-in-error</td></tr><tr><td>not-done</td><td>not-done</td></tr></table></li></ul></div>"
  },
  "url" : "http://fhir.openmrs.org/fhir/ValueSet/valueset-immunization-status",
  "version" : "0.1.0",
  "name" : "ImmunizationStatusVs",
  "title" : "Immunization Status ValueSet",
  "status" : "active",
  "date" : "2023-03-16T12:56:05+00:00",
  "contact" : [{
    "name" : "OpenMRS, Inc.",
    "telecom" : [{
      "system" : "url",
      "value" : "https://openmrs.org"
    }]
  }],
  "description" : "Immunization Value Set",
  "compose" : {
    "include" : [{
      "system" : "https://fhir.openmrs.org/fhir/valueset-immunization-status",
      "concept" : [{
        "code" : "completed",
        "display" : "completed"
      },
      {
        "code" : "entered-in-error",
        "display" : "entered-in-error"
      },
      {
        "code" : "not-done",
        "display" : "not-done"
      }]
    }]
  }
}