<?xml version="1.0" encoding="UTF-8"?>

<SearchParameter xmlns="http://hl7.org/fhir">
  <id value="MedicationRequest-subject-name"/>
  <text>
    <status value="generated"/><div xmlns="http://www.w3.org/1999/xhtml"><p><b>Generated Narrative: SearchParameter</b><a name="MedicationRequest-subject-name"> </a></p><div style="display: inline-block; background-color: #d9e0e7; padding: 6px; margin: 4px; border: 1px solid #8da1b4; border-radius: 5px; line-height: 60%"><p style="margin-bottom: 0px">Resource SearchParameter "MedicationRequest-subject-name" </p></div><p><b>url</b>: <code>http://fhir.openmrs.org/fhir/SearchParameter/MedicationRequest-subject-name</code></p><p><b>version</b>: 0.1.0</p><p><b>name</b>: MedicationRequestSubjectNameSearchParameter</p><p><b>status</b>: active</p><p><b>date</b>: 2022-10-12 01:19:25+0000</p><p><b>contact</b>: OpenMRS, Inc.: <a href="https://openmrs.org">https://openmrs.org</a></p><p><b>description</b>: Searches for MedicationRequest based on the patient's full or partial name eg) /ws/fhir2/{release}/MedicationRequest?subject:Patient.name={name}</p><p><b>code</b>: subject.name</p><p><b>base</b>: MedicationRequest</p><p><b>type</b>: string</p><p><b>target</b>: OMRSMedicationRequest</p></div>
  </text>
  <url value="http://fhir.openmrs.org/fhir/SearchParameter/MedicationRequest-subject-name"/>
  <version value="0.1.0"/>
  <name value="MedicationRequestSubjectNameSearchParameter"/>
  <status value="active"/>
  <date value="2022-10-12T01:19:25+00:00"/>
  <contact>
    <name value="OpenMRS, Inc."/>
    <telecom>
      <system value="url"/>
      <value value="https://openmrs.org"/>
    </telecom>
  </contact>
  <description value="Searches for MedicationRequest based on the patient's full or partial name eg) /ws/fhir2/{release}/MedicationRequest?subject:Patient.name={name}"/>
  <code value="subject.name"/>
  <base value="MedicationRequest"/>
  <type value="string"/>
  <target value="OMRSMedicationRequest"/>
</SearchParameter>