{
  "resourceType": "SearchParameter",
  "id": "person-lastUpdated",
  "text": {
    "status": "generated",
    "div": "<div xmlns=\"http://www.w3.org/1999/xhtml\"><p><b>Generated Narrative: SearchParameter</b><a name=\"person-lastUpdated\"> </a></p><div style=\"display: inline-block; background-color: #d9e0e7; padding: 6px; margin: 4px; border: 1px solid #8da1b4; border-radius: 5px; line-height: 60%\"><p style=\"margin-bottom: 0px\">Resource SearchParameter \"person-lastUpdated\" </p></div><p><b>url</b>: <code>http://fhir.openmrs.org/fhir/SearchParameter/person-lastUpdated</code></p><p><b>version</b>: 0.1.0</p><p><b>name</b>: personLastUpdatedSearchParameter</p><p><b>status</b>: active</p><p><b>date</b>: 2022-10-12 01:19:25+0000</p><p><b>contact</b>: OpenMRS, Inc.: <a href=\"https://openmrs.org\">https://openmrs.org</a></p><p><b>description</b>: Searches based on the the dateCreated or dateUpdated field for the person record eg) /ws/fhir2/{release}/Person?_lastUpdated={date-range}</p><p><b>code</b>: _lastUpdated</p><p><b>base</b>: Person</p><p><b>type</b>: date</p><p><b>target</b>: OMRSPerson</p></div>"
  },
  "url": "http://fhir.openmrs.org/fhir/SearchParameter/person-lastUpdated",
  "version": "0.1.0",
  "name": "personLastUpdatedSearchParameter",
  "status": "active",
  "date": "2022-10-12T01:19:25+00:00",
  "contact": [
    {
      "name": "OpenMRS, Inc.",
      "telecom": [
        {
          "system": "url",
          "value": "https://openmrs.org"
        }
      ]
    }
  ],
  "description": "Searches based on the the dateCreated or dateUpdated field for the person record eg) /ws/fhir2/{release}/Person?_lastUpdated={date-range}",
  "code": "_lastUpdated",
  "base": [
    "Person"
  ],
  "type": "date",
  "target": [
    "OMRSPerson"
  ]
}