{
  "resourceType": "SearchParameter",
  "id": "condition-subject",
  "text": {
    "status": "generated",
    "div": "<div xmlns=\"http://www.w3.org/1999/xhtml\"><p><b>Generated Narrative: SearchParameter</b><a name=\"condition-subject\"> </a></p><div style=\"display: inline-block; background-color: #d9e0e7; padding: 6px; margin: 4px; border: 1px solid #8da1b4; border-radius: 5px; line-height: 60%\"><p style=\"margin-bottom: 0px\">Resource SearchParameter \"condition-subject\" </p></div><p><b>url</b>: <code>http://fhir.openmrs.org/fhir/SearchParameter/condition-subject</code></p><p><b>version</b>: 0.1.0</p><p><b>name</b>: conditionSubjectSearchParameter</p><p><b>status</b>: active</p><p><b>date</b>: 2022-10-12 01:19:25+0000</p><p><b>contact</b>: OpenMRS, Inc.: <a href=\"https://openmrs.org\">https://openmrs.org</a></p><p><b>description</b>: Searches for condition by a given subject eg) /ws/fhir2/{release}/condition?subject:Patient={patientUuid}</p><p><b>code</b>: subject</p><p><b>base</b>: Condition</p><p><b>type</b>: reference</p><p><b>target</b>: OMRSCondition</p></div>"
  },
  "url": "http://fhir.openmrs.org/fhir/SearchParameter/condition-subject",
  "version": "0.1.0",
  "name": "conditionSubjectSearchParameter",
  "status": "active",
  "date": "2022-10-12T01:19:25+00:00",
  "contact": [
    {
      "name": "OpenMRS, Inc.",
      "telecom": [
        {
          "system": "url",
          "value": "https://openmrs.org"
        }
      ]
    }
  ],
  "description": "Searches for condition by a given subject eg) /ws/fhir2/{release}/condition?subject:Patient={patientUuid}",
  "code": "subject",
  "base": [
    "Condition"
  ],
  "type": "reference",
  "target": [
    "OMRSCondition"
  ]
}