{
  "resourceType" : "SearchParameter",
  "id" : "MedicationRequest-subject",
  "text" : {
    "status" : "generated",
    "div" : "<div xmlns=\"http://www.w3.org/1999/xhtml\"><h2>MedicationRequestSubjectSearchParameter</h2><p>Parameter <code>subject</code>:<code>reference</code></p><div><p>Searches for MedicationRequest by a given subject eg) /ws/fhir2/{release}/MedicationRequest?subject:Patient={patientUuid}</p>\n</div><table class=\"grid\"><tr><td>Resource</td><td><a href=\"http://hl7.org/fhir/R4/medicationrequest.html\">MedicationRequest</a></td></tr><tr><td>Expression</td><td>(none)</td></tr><tr><td>Target Resources</td><td><a href=\"http://hl7.org/fhir/R4/medicationrequest.html\">MedicationRequest</a></td></tr><tr><td>Multiples</td><td>The parameter cannot repeat or have multiple values</td></tr></table></div>"
  },
  "url" : "http://fhir.openmrs.org/fhir/SearchParameter/MedicationRequest-subject",
  "version" : "0.1.0",
  "name" : "MedicationRequestSubjectSearchParameter",
  "status" : "active",
  "date" : "2023-03-16T12:56:05+00:00",
  "contact" : [{
    "name" : "OpenMRS, Inc.",
    "telecom" : [{
      "system" : "url",
      "value" : "https://openmrs.org"
    }]
  }],
  "description" : "Searches for MedicationRequest by a given subject eg) /ws/fhir2/{release}/MedicationRequest?subject:Patient={patientUuid} ",
  "code" : "subject",
  "base" : ["MedicationRequest"],
  "type" : "reference",
  "target" : ["MedicationRequest"]
}