{
  "resourceType": "SearchParameter",
  "id": "location-tag",
  "text": {
    "status": "generated",
    "div": "<div xmlns=\"http://www.w3.org/1999/xhtml\"><p><b>Generated Narrative: SearchParameter</b><a name=\"location-tag\"> </a></p><div style=\"display: inline-block; background-color: #d9e0e7; padding: 6px; margin: 4px; border: 1px solid #8da1b4; border-radius: 5px; line-height: 60%\"><p style=\"margin-bottom: 0px\">Resource SearchParameter \"location-tag\" </p></div><p><b>url</b>: <code>http://fhir.openmrs.org/fhir/SearchParameter/location-tag</code></p><p><b>version</b>: 0.1.0</p><p><b>name</b>: LocationTagSearchParameter</p><p><b>status</b>: active</p><p><b>date</b>: 2022-10-12 01:19:25+0000</p><p><b>contact</b>: OpenMRS, Inc.: <a href=\"https://openmrs.org\">https://openmrs.org</a></p><p><b>description</b>: Searches based on the tag field for the location record eg) /ws/fhir2/{release}/Location?_tag={tag}</p><p><b>code</b>: tag</p><p><b>base</b>: Location</p><p><b>type</b>: string</p><p><b>target</b>: OMRSLocation</p></div>"
  },
  "url": "http://fhir.openmrs.org/fhir/SearchParameter/location-tag",
  "version": "0.1.0",
  "name": "LocationTagSearchParameter",
  "status": "active",
  "date": "2022-10-12T01:19:25+00:00",
  "contact": [
    {
      "name": "OpenMRS, Inc.",
      "telecom": [
        {
          "system": "url",
          "value": "https://openmrs.org"
        }
      ]
    }
  ],
  "description": "Searches based on the tag field for the location record eg) /ws/fhir2/{release}/Location?_tag={tag}",
  "code": "tag",
  "base": [
    "Location"
  ],
  "type": "string",
  "target": [
    "OMRSLocation"
  ]
}