{
  "resourceType" : "SearchParameter",
  "id" : "MedicationRequest-patient-identifier",
  "text" : {
    "status" : "generated",
    "div" : "<div xmlns=\"http://www.w3.org/1999/xhtml\"><h2>MedicationRequestPatientIdentifierSearchParameter</h2><p>Parameter <code>patient.identifier</code>:<code>token</code></p><div><p>Searches for MedicationRequest by a given patient eg) /ws/fhir2/{release}/MedicationRequest?patient.identifier={identifier}</p>\n</div><table class=\"grid\"><tr><td>Resource</td><td><a href=\"http://hl7.org/fhir/R4/medicationrequest.html\">MedicationRequest</a></td></tr><tr><td>Expression</td><td>(none)</td></tr><tr><td>Target Resources</td><td><a href=\"http://hl7.org/fhir/R4/medicationrequest.html\">MedicationRequest</a></td></tr><tr><td>Multiples</td><td>The parameter cannot repeat or have multiple values</td></tr></table></div>"
  },
  "url" : "http://fhir.openmrs.org/fhir/SearchParameter/MedicationRequest-patient-identifier",
  "version" : "0.1.0",
  "name" : "MedicationRequestPatientIdentifierSearchParameter",
  "status" : "active",
  "date" : "2023-03-16T10:02:34+00:00",
  "contact" : [{
    "name" : "OpenMRS, Inc.",
    "telecom" : [{
      "system" : "url",
      "value" : "https://openmrs.org"
    }]
  }],
  "description" : "Searches for MedicationRequest by a given patient eg) /ws/fhir2/{release}/MedicationRequest?patient.identifier={identifier}",
  "code" : "patient.identifier",
  "base" : ["MedicationRequest"],
  "type" : "token",
  "target" : ["MedicationRequest"]
}